0,0,"{'Left': -8, 'Top': -8, 'Right': 1928, 'Bottom': 1040, 'title': 'Product selection tool - AIRchitect', 'auto_id': 'MainForm', 'control_type': 'Window', 'found_index': 0}"
1,1,"{'Left': 0, 'Top': 162, 'Right': 1920, 'Bottom': 1006, 'title': None, 'auto_id': 'm_xtraTabControl', 'control_type': 'Tab', 'found_index': 0}"
2,2,"{'Left': 1, 'Top': 190, 'Right': 1919, 'Bottom': 1005, 'title': 'Product selection tool', 'auto_id': 'xtpProductSelectionTool', 'control_type': 'Pane', 'found_index': 0}"
3,3,"{'Left': 1, 'Top': 190, 'Right': 1919, 'Bottom': 1005, 'title': None, 'auto_id': 'ProductSelectionToolTabNextGen', 'control_type': 'Pane', 'found_index': 0}"
4,4,"{'Left': 1, 'Top': 190, 'Right': 1919, 'Bottom': 1005, 'title': 'The XtraLayoutControl', 'auto_id': 'mainLayoutControl', 'control_type': 'Pane', 'found_index': 0}"
5,5,"{'Left': 50, 'Top': 202, 'Right': 83, 'Bottom': 235, 'title': None, 'auto_id': 'settingsButton', 'control_type': 'Button', 'found_index': 0}"
5,6,"{'Left': 318, 'Top': 202, 'Right': 351, 'Bottom': 235, 'title': None, 'auto_id': 'saveButton', 'control_type': 'Button', 'found_index': 0}"
5,7,"{'Left': 1841, 'Top': 776, 'Right': 1907, 'Bottom': 842, 'title': None, 'auto_id': 'overridesButton', 'control_type': 'Button', 'found_index': 0}"
5,8,"{'Left': 1841, 'Top': 916, 'Right': 1907, 'Bottom': 982, 'title': None, 'auto_id': 'reportsButton', 'control_type': 'Button', 'found_index': 0}"
5,9,"{'Left': 1841, 'Top': 846, 'Right': 1907, 'Bottom': 912, 'title': None, 'auto_id': 'chartsButton', 'control_type': 'Button', 'found_index': 0}"
5,10,"{'Left': 402, 'Top': 202, 'Right': 841, 'Bottom': 724, 'title': None, 'auto_id': 'sciMiddleInputs', 'control_type': 'Pane', 'found_index': 0}"
6,11,"{'Left': 402, 'Top': 202, 'Right': 841, 'Bottom': 724, 'title': 'xscInputContainer', 'auto_id': 'xscInputContainer', 'control_type': 'Pane', 'found_index': 0}"
7,12,"{'Left': 402, 'Top': 202, 'Right': 841, 'Bottom': 675, 'title': 'The XtraLayoutControl', 'auto_id': 'lcInputContainer', 'control_type': 'Pane', 'found_index': 0}"
8,13,"{'Left': 404, 'Top': 204, 'Right': 839, 'Bottom': 319, 'title': None, 'auto_id': 'TitleContainer', 'control_type': 'Pane', 'found_index': 0}"
9,14,"{'Left': 404, 'Top': 204, 'Right': 839, 'Bottom': 319, 'title': 'The XtraLayoutControl', 'auto_id': 'mainContainerTitleContainer', 'control_type': 'Pane', 'found_index': 0}"
10,15,"{'Left': 815, 'Top': 209, 'Right': 839, 'Bottom': 233, 'title': None, 'auto_id': 'sbHideUnhide', 'control_type': 'Button', 'found_index': 0}"
10,16,"{'Left': 409, 'Top': 209, 'Right': 528, 'Bottom': 227, 'title': 'Flow Conditions', 'auto_id': 'titleLabelTitleContainer', 'control_type': 'Text', 'found_index': 0}"
10,17,"{'Left': 406, 'Top': 241, 'Right': 837, 'Bottom': 267, 'title': None, 'auto_id': 'ExclMultipleChoiceInputControl', 'control_type': 'Pane', 'found_index': 0}"
11,18,"{'Left': 406, 'Top': 241, 'Right': 837, 'Bottom': 267, 'title': 'The XtraLayoutControl', 'auto_id': 'lcMain', 'control_type': 'Pane', 'found_index': 0}"
12,19,"{'Left': 416, 'Top': 243, 'Right': 619, 'Bottom': 265, 'title': 'Flow Quantity:', 'auto_id': 'lblTitle', 'control_type': 'Text', 'found_index': 0}"
12,20,"{'Left': 623, 'Top': 243, 'Right': 835, 'Bottom': 265, 'title': None, 'auto_id': '68504', 'control_type': 'ComboBox', 'found_index': 0}"
13,21,"{'Left': 818, 'Top': 244, 'Right': 834, 'Bottom': 264, 'title': 'Open', 'auto_id': None, 'control_type': 'Button', 'found_index': 0}"
14,23,"{'Left': 0, 'Top': 0, 'Right': 0, 'Bottom': 0, 'title': 'Volume flow', 'auto_id': None, 'control_type': 'ListItem', 'found_index': 0}"
14,24,"{'Left': 0, 'Top': 0, 'Right': 0, 'Bottom': 0, 'title': 'Normalized volume flow', 'auto_id': None, 'control_type': 'ListItem', 'found_index': 0}"
14,25,"{'Left': 0, 'Top': 0, 'Right': 0, 'Bottom': 0, 'title': 'Mass flow', 'auto_id': None, 'control_type': 'ListItem', 'found_index': 0}"
12,26,"{'Left': 406, 'Top': 241, 'Right': 837, 'Bottom': 267, 'title': 'Root', 'auto_id': None, 'control_type': 'Pane', 'found_index': 0}"
13,27,"{'Left': 621, 'Top': 241, 'Right': 837, 'Bottom': 267, 'title': 'lcgColumnContainer', 'auto_id': None, 'control_type': 'Pane', 'found_index': 0}"
10,28,"{'Left': 406, 'Top': 271, 'Right': 837, 'Bottom': 272, 'title': None, 'auto_id': 'ExclMultipleChoiceInputControl', 'control_type': 'Pane', 'found_index': 0}"
11,29,"{'Left': 406, 'Top': 271, 'Right': 837, 'Bottom': 272, 'title': 'The XtraLayoutControl', 'auto_id': 'lcMain', 'control_type': 'Pane', 'found_index': 0}"
12,30,"{'Left': 406, 'Top': 271, 'Right': 837, 'Bottom': 272, 'title': 'Root', 'auto_id': None, 'control_type': 'Pane', 'found_index': 0}"
10,31,"{'Left': 406, 'Top': 276, 'Right': 837, 'Bottom': 312, 'title': None, 'auto_id': 'ExclMultipleChoiceInputControl', 'control_type': 'Pane', 'found_index': 0}"
11,32,"{'Left': 406, 'Top': 276, 'Right': 837, 'Bottom': 312, 'title': 'The XtraLayoutControl', 'auto_id': 'lcMain', 'control_type': 'Pane', 'found_index': 0}"
12,33,"{'Left': 416, 'Top': 278, 'Right': 619, 'Bottom': 310, 'title': 'Flow Type:', 'auto_id': 'lblTitle', 'control_type': 'Text', 'found_index': 0}"
12,34,"{'Left': 623, 'Top': 278, 'Right': 835, 'Bottom': 310, 'title': 'Wet', 'auto_id': '134094', 'control_type': 'List', 'found_index': 0}"
13,35,"{'Left': 627, 'Top': 282, 'Right': 729, 'Bottom': 306, 'title': 'Wet', 'auto_id': None, 'control_type': 'RadioButton', 'found_index': 0}"
13,36,"{'Left': 729, 'Top': 282, 'Right': 831, 'Bottom': 306, 'title': 'Dry', 'auto_id': None, 'control_type': 'RadioButton', 'found_index': 0}"
12,37,"{'Left': 406, 'Top': 276, 'Right': 837, 'Bottom': 312, 'title': 'Root', 'auto_id': None, 'control_type': 'Pane', 'found_index': 0}"
13,38,"{'Left': 621, 'Top': 276, 'Right': 837, 'Bottom': 312, 'title': 'lcgColumnContainer', 'auto_id': None, 'control_type': 'Pane', 'found_index': 0}"
10,39,"{'Left': 406, 'Top': 316, 'Right': 837, 'Bottom': 317, 'title': None, 'auto_id': 'ExclMultipleChoiceInputControl', 'control_type': 'Pane', 'found_index': 0}"
11,40,"{'Left': 406, 'Top': 316, 'Right': 837, 'Bottom': 317, 'title': 'The XtraLayoutControl', 'auto_id': 'lcMain', 'control_type': 'Pane', 'found_index': 0}"
12,41,"{'Left': 406, 'Top': 316, 'Right': 837, 'Bottom': 317, 'title': 'Root', 'auto_id': None, 'control_type': 'Pane', 'found_index': 0}"
10,42,"{'Left': 404, 'Top': 204, 'Right': 839, 'Bottom': 319, 'title': 'Root', 'auto_id': None, 'control_type': 'Pane', 'found_index': 0}"
11,43,"{'Left': 404, 'Top': 239, 'Right': 839, 'Bottom': 319, 'title': 'lcgContents', 'auto_id': None, 'control_type': 'Pane', 'found_index': 0}"
11,44,"{'Left': 404, 'Top': 237, 'Right': 839, 'Bottom': 238, 'title': 'simpleSeparator1', 'auto_id': None, 'control_type': 'Separator', 'found_index': 0}"
11,45,"{'Left': 404, 'Top': 204, 'Right': 839, 'Bottom': 237, 'title': 'lcgTitleBar', 'auto_id': None, 'control_type': 'Pane', 'found_index': 0}"
12,46,"{'Left': 533, 'Top': 204, 'Right': 815, 'Bottom': 237, 'title': 'esiTitleAndButton', 'auto_id': None, 'control_type': 'Custom', 'found_index': 0}"
11,47,"{'Left': 404, 'Top': 238, 'Right': 839, 'Bottom': 239, 'title': 'lcgLine', 'auto_id': None, 'control_type': 'Pane', 'found_index': 0}"
8,48,"{'Left': 404, 'Top': 323, 'Right': 839, 'Bottom': 433, 'title': None, 'auto_id': 'TitleContainer', 'control_type': 'Pane', 'found_index': 0}"
9,49,"{'Left': 404, 'Top': 323, 'Right': 839, 'Bottom': 433, 'title': 'The XtraLayoutControl', 'auto_id': 'mainContainerTitleContainer', 'control_type': 'Pane', 'found_index': 0}"
10,50,"{'Left': 815, 'Top': 328, 'Right': 839, 'Bottom': 352, 'title': None, 'auto_id': 'sbHideUnhide', 'control_type': 'Button', 'found_index': 0}"
10,51,"{'Left': 409, 'Top': 328, 'Right': 454, 'Bottom': 346, 'title': 'Fluids', 'auto_id': 'titleLabelTitleContainer', 'control_type': 'Text', 'found_index': 0}"
10,52,"{'Left': 406, 'Top': 360, 'Right': 837, 'Bottom': 396, 'title': None, 'auto_id': 'ExclMultipleChoiceInputControl', 'control_type': 'Pane', 'found_index': 0}"
11,53,"{'Left': 406, 'Top': 360, 'Right': 837, 'Bottom': 396, 'title': 'The XtraLayoutControl', 'auto_id': 'lcMain', 'control_type': 'Pane', 'found_index': 0}"
12,54,"{'Left': 416, 'Top': 362, 'Right': 619, 'Bottom': 394, 'title': 'Process Fluid:', 'auto_id': 'lblTitle', 'control_type': 'Text', 'found_index': 0}"
12,55,"{'Left': 623, 'Top': 362, 'Right': 835, 'Bottom': 394, 'title': 'Air', 'auto_id': '68594', 'control_type': 'List', 'found_index': 0}"
13,56,"{'Left': 627, 'Top': 366, 'Right': 729, 'Bottom': 390, 'title': 'Air', 'auto_id': None, 'control_type': 'RadioButton', 'found_index': 0}"
13,57,"{'Left': 729, 'Top': 366, 'Right': 831, 'Bottom': 390, 'title': 'Nitrogen', 'auto_id': None, 'control_type': 'RadioButton', 'found_index': 0}"
12,58,"{'Left': 406, 'Top': 360, 'Right': 837, 'Bottom': 396, 'title': 'Root', 'auto_id': None, 'control_type': 'Pane', 'found_index': 0}"
13,59,"{'Left': 621, 'Top': 360, 'Right': 837, 'Bottom': 396, 'title': 'lcgColumnContainer', 'auto_id': None, 'control_type': 'Pane', 'found_index': 0}"
10,60,"{'Left': 406, 'Top': 400, 'Right': 837, 'Bottom': 401, 'title': None, 'auto_id': 'ExclMultipleChoiceInputControl', 'control_type': 'Pane', 'found_index': 0}"
11,61,"{'Left': 406, 'Top': 400, 'Right': 837, 'Bottom': 401, 'title': 'The XtraLayoutControl', 'auto_id': 'lcMain', 'control_type': 'Pane', 'found_index': 0}"
12,62,"{'Left': 406, 'Top': 400, 'Right': 837, 'Bottom': 401, 'title': 'Root', 'auto_id': None, 'control_type': 'Pane', 'found_index': 0}"
10,63,"{'Left': 406, 'Top': 405, 'Right': 837, 'Bottom': 431, 'title': None, 'auto_id': 'SimpleInputControl', 'control_type': 'Pane', 'found_index': 0}"
11,64,"{'Left': 406, 'Top': 405, 'Right': 837, 'Bottom': 431, 'title': 'The XtraLayoutControl', 'auto_id': 'mainSimpleInputControl', 'control_type': 'Pane', 'found_index': 0}"
12,65,"{'Left': 674, 'Top': 407, 'Right': 755, 'Bottom': 429, 'title': None, 'auto_id': 'cbeSelectableValues', 'control_type': 'ComboBox', 'found_index': 0}"
13,66,"{'Left': 738, 'Top': 408, 'Right': 754, 'Bottom': 428, 'title': 'Open', 'auto_id': None, 'control_type': 'Button', 'found_index': 0}"
14,68,"{'Left': 0, 'Top': 0, 'Right': 0, 'Bottom': 0, 'title': '%', 'auto_id': None, 'control_type': 'ListItem', 'found_index': 0}"
12,69,"{'Left': 416, 'Top': 407, 'Right': 670, 'Bottom': 429, 'title': 'Glycol Percentage (Water - ZR screw only):', 'auto_id': 'lblInputTitle', 'control_type': 'Text', 'found_index': 0}"
12,70,"{'Left': 759, 'Top': 407, 'Right': 835, 'Bottom': 429, 'title': None, 'auto_id': 'textEditSimpleInputControl', 'control_type': 'Edit', 'found_index': 0}"
13,71,"{'Left': 765, 'Top': 410, 'Right': 829, 'Bottom': 426, 'title': None, 'auto_id': '68630', 'control_type': 'Edit', 'found_index': 0}"
12,72,"{'Left': 406, 'Top': 405, 'Right': 837, 'Bottom': 431, 'title': 'Root', 'auto_id': None, 'control_type': 'Pane', 'found_index': 0}"
10,73,"{'Left': 404, 'Top': 323, 'Right': 839, 'Bottom': 433, 'title': 'Root', 'auto_id': None, 'control_type': 'Pane', 'found_index': 0}"
11,74,"{'Left': 404, 'Top': 358, 'Right': 839, 'Bottom': 433, 'title': 'lcgContents', 'auto_id': None, 'control_type': 'Pane', 'found_index': 0}"
11,75,"{'Left': 404, 'Top': 356, 'Right': 839, 'Bottom': 357, 'title': 'simpleSeparator1', 'auto_id': None, 'control_type': 'Separator', 'found_index': 0}"
11,76,"{'Left': 404, 'Top': 323, 'Right': 839, 'Bottom': 356, 'title': 'lcgTitleBar', 'auto_id': None, 'control_type': 'Pane', 'found_index': 0}"
12,77,"{'Left': 459, 'Top': 323, 'Right': 815, 'Bottom': 356, 'title': 'esiTitleAndButton', 'auto_id': None, 'control_type': 'Custom', 'found_index': 0}"
11,78,"{'Left': 404, 'Top': 357, 'Right': 839, 'Bottom': 358, 'title': 'lcgLine', 'auto_id': None, 'control_type': 'Pane', 'found_index': 0}"
8,79,"{'Left': 404, 'Top': 437, 'Right': 839, 'Bottom': 502, 'title': None, 'auto_id': 'TitleContainer', 'control_type': 'Pane', 'found_index': 0}"
9,80,"{'Left': 404, 'Top': 437, 'Right': 839, 'Bottom': 502, 'title': 'The XtraLayoutControl', 'auto_id': 'mainContainerTitleContainer', 'control_type': 'Pane', 'found_index': 0}"
10,81,"{'Left': 815, 'Top': 442, 'Right': 839, 'Bottom': 466, 'title': None, 'auto_id': 'sbHideUnhide', 'control_type': 'Button', 'found_index': 0}"
10,82,"{'Left': 409, 'Top': 442, 'Right': 523, 'Bottom': 460, 'title': 'Search Criteria', 'auto_id': 'titleLabelTitleContainer', 'control_type': 'Text', 'found_index': 0}"
10,83,"{'Left': 406, 'Top': 474, 'Right': 837, 'Bottom': 500, 'title': None, 'auto_id': 'SimpleInputControl', 'control_type': 'Pane', 'found_index': 0}"
11,84,"{'Left': 406, 'Top': 474, 'Right': 837, 'Bottom': 500, 'title': 'The XtraLayoutControl', 'auto_id': 'mainSimpleInputControl', 'control_type': 'Pane', 'found_index': 0}"
12,85,"{'Left': 674, 'Top': 476, 'Right': 755, 'Bottom': 498, 'title': None, 'auto_id': 'cbeSelectableValues', 'control_type': 'ComboBox', 'found_index': 0}"
13,86,"{'Left': 738, 'Top': 477, 'Right': 754, 'Bottom': 497, 'title': 'Open', 'auto_id': None, 'control_type': 'Button', 'found_index': 0}"
14,88,"{'Left': 0, 'Top': 0, 'Right': 0, 'Bottom': 0, 'title': '%', 'auto_id': None, 'control_type': 'ListItem', 'found_index': 0}"
12,89,"{'Left': 416, 'Top': 476, 'Right': 670, 'Bottom': 498, 'title': 'Suggest Flow Margin:', 'auto_id': 'lblInputTitle', 'control_type': 'Text', 'found_index': 0}"
12,90,"{'Left': 759, 'Top': 476, 'Right': 835, 'Bottom': 498, 'title': None, 'auto_id': 'textEditSimpleInputControl', 'control_type': 'Edit', 'found_index': 0}"
13,91,"{'Left': 765, 'Top': 479, 'Right': 829, 'Bottom': 495, 'title': None, 'auto_id': '68670', 'control_type': 'Edit', 'found_index': 0}"
12,92,"{'Left': 406, 'Top': 474, 'Right': 837, 'Bottom': 500, 'title': 'Root', 'auto_id': None, 'control_type': 'Pane', 'found_index': 0}"
10,93,"{'Left': 404, 'Top': 437, 'Right': 839, 'Bottom': 502, 'title': 'Root', 'auto_id': None, 'control_type': 'Pane', 'found_index': 0}"
11,94,"{'Left': 404, 'Top': 472, 'Right': 839, 'Bottom': 502, 'title': 'lcgContents', 'auto_id': None, 'control_type': 'Pane', 'found_index': 0}"
11,95,"{'Left': 404, 'Top': 470, 'Right': 839, 'Bottom': 471, 'title': 'simpleSeparator1', 'auto_id': None, 'control_type': 'Separator', 'found_index': 0}"
11,96,"{'Left': 404, 'Top': 437, 'Right': 839, 'Bottom': 470, 'title': 'lcgTitleBar', 'auto_id': None, 'control_type': 'Pane', 'found_index': 0}"
12,97,"{'Left': 528, 'Top': 437, 'Right': 815, 'Bottom': 470, 'title': 'esiTitleAndButton', 'auto_id': None, 'control_type': 'Custom', 'found_index': 0}"
11,98,"{'Left': 404, 'Top': 471, 'Right': 839, 'Bottom': 472, 'title': 'lcgLine', 'auto_id': None, 'control_type': 'Pane', 'found_index': 0}"
8,99,"{'Left': 404, 'Top': 518, 'Right': 839, 'Bottom': 673, 'title': None, 'auto_id': 'TitleContainer', 'control_type': 'Pane', 'found_index': 0}"
9,100,"{'Left': 404, 'Top': 518, 'Right': 839, 'Bottom': 673, 'title': 'The XtraLayoutControl', 'auto_id': 'mainContainerTitleContainer', 'control_type': 'Pane', 'found_index': 0}"
10,101,"{'Left': 815, 'Top': 523, 'Right': 839, 'Bottom': 547, 'title': None, 'auto_id': 'sbHideUnhide', 'control_type': 'Button', 'found_index': 0}"
10,102,"{'Left': 409, 'Top': 523, 'Right': 569, 'Bottom': 541, 'title': 'Reference Conditions', 'auto_id': 'titleLabelTitleContainer', 'control_type': 'Text', 'found_index': 0}"
10,103,"{'Left': 406, 'Top': 555, 'Right': 837, 'Bottom': 581, 'title': None, 'auto_id': 'ExclMultipleChoiceInputControl', 'control_type': 'Pane', 'found_index': 0}"
11,104,"{'Left': 406, 'Top': 555, 'Right': 837, 'Bottom': 581, 'title': 'The XtraLayoutControl', 'auto_id': 'lcMain', 'control_type': 'Pane', 'found_index': 0}"
12,105,"{'Left': 416, 'Top': 557, 'Right': 619, 'Bottom': 579, 'title': 'Reference List:', 'auto_id': 'lblTitle', 'control_type': 'Text', 'found_index': 0}"
12,106,"{'Left': 623, 'Top': 557, 'Right': 835, 'Bottom': 579, 'title': None, 'auto_id': '68710', 'control_type': 'ComboBox', 'found_index': 0}"
13,107,"{'Left': 818, 'Top': 558, 'Right': 834, 'Bottom': 578, 'title': 'Open', 'auto_id': None, 'control_type': 'Button', 'found_index': 0}"
14,109,"{'Left': 0, 'Top': 0, 'Right': 0, 'Bottom': 0, 'title': 'Custom', 'auto_id': None, 'control_type': 'ListItem', 'found_index': 0}"
14,110,"{'Left': 0, 'Top': 0, 'Right': 0, 'Bottom': 0, 'title': 'ISO1217', 'auto_id': None, 'control_type': 'ListItem', 'found_index': 0}"
14,111,"{'Left': 0, 'Top': 0, 'Right': 0, 'Bottom': 0, 'title': 'ISO1343', 'auto_id': None, 'control_type': 'ListItem', 'found_index': 0}"
14,112,"{'Left': 0, 'Top': 0, 'Right': 0, 'Bottom': 0, 'title': 'Standard', 'auto_id': None, 'control_type': 'ListItem', 'found_index': 0}"
14,113,"{'Left': 0, 'Top': 0, 'Right': 0, 'Bottom': 0, 'title': 'ASME', 'auto_id': None, 'control_type': 'ListItem', 'found_index': 0}"
14,114,"{'Left': 0, 'Top': 0, 'Right': 0, 'Bottom': 0, 'title': 'CAGI', 'auto_id': None, 'control_type': 'ListItem', 'found_index': 0}"
14,115,"{'Left': 0, 'Top': 0, 'Right': 0, 'Bottom': 0, 'title': 'Canada', 'auto_id': None, 'control_type': 'ListItem', 'found_index': 0}"
14,116,"{'Left': 0, 'Top': 0, 'Right': 0, 'Bottom': 0, 'title': 'US', 'auto_id': None, 'control_type': 'ListItem', 'found_index': 0}"
12,117,"{'Left': 406, 'Top': 555, 'Right': 837, 'Bottom': 581, 'title': 'Root', 'auto_id': None, 'control_type': 'Pane', 'found_index': 0}"
13,118,"{'Left': 621, 'Top': 555, 'Right': 837, 'Bottom': 581, 'title': 'lcgColumnContainer', 'auto_id': None, 'control_type': 'Pane', 'found_index': 0}"
10,119,"{'Left': 406, 'Top': 585, 'Right': 837, 'Bottom': 611, 'title': None, 'auto_id': 'SimpleInputControl', 'control_type': 'Pane', 'found_index': 0}"
11,120,"{'Left': 406, 'Top': 585, 'Right': 837, 'Bottom': 611, 'title': 'The XtraLayoutControl', 'auto_id': 'mainSimpleInputControl', 'control_type': 'Pane', 'found_index': 0}"
12,121,"{'Left': 674, 'Top': 587, 'Right': 755, 'Bottom': 609, 'title': None, 'auto_id': 'cbeSelectableValues', 'control_type': 'ComboBox', 'found_index': 0}"
13,122,"{'Left': 738, 'Top': 588, 'Right': 754, 'Bottom': 608, 'title': 'Open', 'auto_id': None, 'control_type': 'Button', 'found_index': 0}"
14,124,"{'Left': 0, 'Top': 0, 'Right': 0, 'Bottom': 0, 'title': 'Pa(a)', 'auto_id': None, 'control_type': 'ListItem', 'found_index': 0}"
14,125,"{'Left': 0, 'Top': 0, 'Right': 0, 'Bottom': 0, 'title': 'kPa(a)', 'auto_id': None, 'control_type': 'ListItem', 'found_index': 0}"
14,126,"{'Left': 0, 'Top': 0, 'Right': 0, 'Bottom': 0, 'title': 'bar(a)', 'auto_id': None, 'control_type': 'ListItem', 'found_index': 0}"
14,127,"{'Left': 0, 'Top': 0, 'Right': 0, 'Bottom': 0, 'title': 'mbar(a)', 'auto_id': None, 'control_type': 'ListItem', 'found_index': 0}"
14,128,"{'Left': 0, 'Top': 0, 'Right': 0, 'Bottom': 0, 'title': 'PSI(a)', 'auto_id': None, 'control_type': 'ListItem', 'found_index': 0}"
14,129,"{'Left': 0, 'Top': 0, 'Right': 0, 'Bottom': 0, 'title': 'mmAq(a)', 'auto_id': None, 'control_type': 'ListItem', 'found_index': 0}"
14,130,"{'Left': 0, 'Top': 0, 'Right': 0, 'Bottom': 0, 'title': 'm asl', 'auto_id': None, 'control_type': 'ListItem', 'found_index': 0}"
14,131,"{'Left': 0, 'Top': 0, 'Right': 0, 'Bottom': 0, 'title': 'ft asl', 'auto_id': None, 'control_type': 'ListItem', 'found_index': 0}"
12,132,"{'Left': 416, 'Top': 587, 'Right': 670, 'Bottom': 609, 'title': 'Pressure:', 'auto_id': 'lblInputTitle', 'control_type': 'Text', 'found_index': 0}"
12,133,"{'Left': 759, 'Top': 587, 'Right': 835, 'Bottom': 609, 'title': None, 'auto_id': 'textEditSimpleInputControl', 'control_type': 'Edit', 'found_index': 0}"
13,134,"{'Left': 765, 'Top': 590, 'Right': 829, 'Bottom': 606, 'title': None, 'auto_id': '68732', 'control_type': 'Edit', 'found_index': 0}"
12,135,"{'Left': 406, 'Top': 585, 'Right': 837, 'Bottom': 611, 'title': 'Root', 'auto_id': None, 'control_type': 'Pane', 'found_index': 0}"
10,136,"{'Left': 406, 'Top': 615, 'Right': 837, 'Bottom': 641, 'title': None, 'auto_id': 'SimpleInputControl', 'control_type': 'Pane', 'found_index': 0}"
11,137,"{'Left': 406, 'Top': 615, 'Right': 837, 'Bottom': 641, 'title': 'The XtraLayoutControl', 'auto_id': 'mainSimpleInputControl', 'control_type': 'Pane', 'found_index': 0}"
12,138,"{'Left': 674, 'Top': 617, 'Right': 755, 'Bottom': 639, 'title': None, 'auto_id': 'cbeSelectableValues', 'control_type': 'ComboBox', 'found_index': 0}"
13,139,"{'Left': 738, 'Top': 618, 'Right': 754, 'Bottom': 638, 'title': 'Open', 'auto_id': None, 'control_type': 'Button', 'found_index': 0}"
14,141,"{'Left': 0, 'Top': 0, 'Right': 0, 'Bottom': 0, 'title': 'K', 'auto_id': None, 'control_type': 'ListItem', 'found_index': 0}"
14,142,"{'Left': 0, 'Top': 0, 'Right': 0, 'Bottom': 0, 'title': '°C', 'auto_id': None, 'control_type': 'ListItem', 'found_index': 0}"
14,143,"{'Left': 0, 'Top': 0, 'Right': 0, 'Bottom': 0, 'title': '°F', 'auto_id': None, 'control_type': 'ListItem', 'found_index': 0}"
12,144,"{'Left': 416, 'Top': 617, 'Right': 670, 'Bottom': 639, 'title': 'Temperature:', 'auto_id': 'lblInputTitle', 'control_type': 'Text', 'found_index': 0}"
12,145,"{'Left': 759, 'Top': 617, 'Right': 835, 'Bottom': 639, 'title': None, 'auto_id': 'textEditSimpleInputControl', 'control_type': 'Edit', 'found_index': 0}"
13,146,"{'Left': 765, 'Top': 620, 'Right': 829, 'Bottom': 636, 'title': None, 'auto_id': '68754', 'control_type': 'Edit', 'found_index': 0}"
12,147,"{'Left': 406, 'Top': 615, 'Right': 837, 'Bottom': 641, 'title': 'Root', 'auto_id': None, 'control_type': 'Pane', 'found_index': 0}"
10,148,"{'Left': 406, 'Top': 645, 'Right': 837, 'Bottom': 671, 'title': None, 'auto_id': 'SimpleInputControl', 'control_type': 'Pane', 'found_index': 0}"
11,149,"{'Left': 406, 'Top': 645, 'Right': 837, 'Bottom': 671, 'title': 'The XtraLayoutControl', 'auto_id': 'mainSimpleInputControl', 'control_type': 'Pane', 'found_index': 0}"
12,150,"{'Left': 674, 'Top': 647, 'Right': 755, 'Bottom': 669, 'title': None, 'auto_id': 'cbeSelectableValues', 'control_type': 'ComboBox', 'found_index': 0}"
13,151,"{'Left': 738, 'Top': 648, 'Right': 754, 'Bottom': 668, 'title': 'Open', 'auto_id': None, 'control_type': 'Button', 'found_index': 0}"
14,153,"{'Left': 0, 'Top': 0, 'Right': 0, 'Bottom': 0, 'title': '%', 'auto_id': None, 'control_type': 'ListItem', 'found_index': 0}"
12,154,"{'Left': 416, 'Top': 647, 'Right': 670, 'Bottom': 669, 'title': 'Relative Humidity:', 'auto_id': 'lblInputTitle', 'control_type': 'Text', 'found_index': 0}"
12,155,"{'Left': 759, 'Top': 647, 'Right': 835, 'Bottom': 669, 'title': None, 'auto_id': 'textEditSimpleInputControl', 'control_type': 'Edit', 'found_index': 0}"
13,156,"{'Left': 765, 'Top': 650, 'Right': 829, 'Bottom': 666, 'title': None, 'auto_id': '68776', 'control_type': 'Edit', 'found_index': 0}"
12,157,"{'Left': 406, 'Top': 645, 'Right': 837, 'Bottom': 671, 'title': 'Root', 'auto_id': None, 'control_type': 'Pane', 'found_index': 0}"
10,158,"{'Left': 404, 'Top': 518, 'Right': 839, 'Bottom': 673, 'title': 'Root', 'auto_id': None, 'control_type': 'Pane', 'found_index': 0}"
11,159,"{'Left': 404, 'Top': 553, 'Right': 839, 'Bottom': 673, 'title': 'lcgContents', 'auto_id': None, 'control_type': 'Pane', 'found_index': 0}"
11,160,"{'Left': 404, 'Top': 551, 'Right': 839, 'Bottom': 552, 'title': 'simpleSeparator1', 'auto_id': None, 'control_type': 'Separator', 'found_index': 0}"
11,161,"{'Left': 404, 'Top': 518, 'Right': 839, 'Bottom': 551, 'title': 'lcgTitleBar', 'auto_id': None, 'control_type': 'Pane', 'found_index': 0}"
12,162,"{'Left': 574, 'Top': 518, 'Right': 815, 'Bottom': 551, 'title': 'esiTitleAndButton', 'auto_id': None, 'control_type': 'Custom', 'found_index': 0}"
11,163,"{'Left': 404, 'Top': 552, 'Right': 839, 'Bottom': 553, 'title': 'lcgLine', 'auto_id': None, 'control_type': 'Pane', 'found_index': 0}"
8,164,"{'Left': 404, 'Top': 506, 'Right': 839, 'Bottom': 508, 'title': None, 'auto_id': 'TitleContainer', 'control_type': 'Pane', 'found_index': 0}"
9,165,"{'Left': 404, 'Top': 506, 'Right': 839, 'Bottom': 508, 'title': 'The XtraLayoutControl', 'auto_id': 'mainContainerTitleContainer', 'control_type': 'Pane', 'found_index': 0}"
10,166,"{'Left': 404, 'Top': 506, 'Right': 839, 'Bottom': 508, 'title': 'Root', 'auto_id': None, 'control_type': 'Pane', 'found_index': 0}"
8,167,"{'Left': 404, 'Top': 512, 'Right': 839, 'Bottom': 514, 'title': None, 'auto_id': 'TitleContainer', 'control_type': 'Pane', 'found_index': 0}"
9,168,"{'Left': 404, 'Top': 512, 'Right': 839, 'Bottom': 514, 'title': 'The XtraLayoutControl', 'auto_id': 'mainContainerTitleContainer', 'control_type': 'Pane', 'found_index': 0}"
10,169,"{'Left': 404, 'Top': 512, 'Right': 839, 'Bottom': 514, 'title': 'Root', 'auto_id': None, 'control_type': 'Pane', 'found_index': 0}"
8,170,"{'Left': 402, 'Top': 202, 'Right': 841, 'Bottom': 675, 'title': 'lcgInputContainer', 'auto_id': None, 'control_type': 'Pane', 'found_index': 0}"
5,171,"{'Left': 13, 'Top': 776, 'Right': 1837, 'Bottom': 993, 'title': 'MainView', 'auto_id': 'gcMachineData', 'control_type': 'Table', 'found_index': 0}"
6,172,"{'Left': 14, 'Top': 835, 'Right': 1836, 'Bottom': 992, 'title': 'Data Panel', 'auto_id': None, 'control_type': 'Custom', 'found_index': 0}"
6,173,"{'Left': 14, 'Top': 777, 'Right': 1836, 'Bottom': 810, 'title': 'Group Panel', 'auto_id': None, 'control_type': 'Pane', 'found_index': 0}"
7,174,"{'Left': 1812, 'Top': 783, 'Right': 1832, 'Bottom': 803, 'title': 'Search', 'auto_id': None, 'control_type': 'Button', 'found_index': 0}"
5,175,"{'Left': 855, 'Top': 202, 'Right': 1907, 'Bottom': 724, 'title': None, 'auto_id': 'sCICRightInputs', 'control_type': 'Pane', 'found_index': 0}"
6,176,"{'Left': 855, 'Top': 202, 'Right': 1907, 'Bottom': 724, 'title': 'The XtraLayoutControl', 'auto_id': 'lcMainControl', 'control_type': 'Pane', 'found_index': 0}"
7,177,"{'Left': 865, 'Top': 212, 'Right': 1897, 'Bottom': 714, 'title': 'xscInputgroups', 'auto_id': 'xscInputgroups', 'control_type': 'Pane', 'found_index': 0}"
8,178,"{'Left': 865, 'Top': 212, 'Right': 1221, 'Bottom': 777, 'title': 'The XtraLayoutControl', 'auto_id': 'lcInputContainer', 'control_type': 'Pane', 'found_index': 0}"
9,179,"{'Left': 867, 'Top': 214, 'Right': 902, 'Bottom': 249, 'title': None, 'auto_id': 'sbAddColumn', 'control_type': 'Button', 'found_index': 0}"
9,180,"{'Left': 867, 'Top': 253, 'Right': 1221, 'Bottom': 408, 'title': None, 'auto_id': 'TitleContainer', 'control_type': 'Pane', 'found_index': 0}"
10,181,"{'Left': 867, 'Top': 253, 'Right': 1221, 'Bottom': 408, 'title': 'The XtraLayoutControl', 'auto_id': 'mainContainerTitleContainer', 'control_type': 'Pane', 'found_index': 0}"
11,182,"{'Left': 1197, 'Top': 258, 'Right': 1221, 'Bottom': 282, 'title': None, 'auto_id': 'sbHideUnhide', 'control_type': 'Button', 'found_index': 0}"
11,183,"{'Left': 872, 'Top': 258, 'Right': 932, 'Bottom': 276, 'title': 'Demand', 'auto_id': 'titleLabelTitleContainer', 'control_type': 'Text', 'found_index': 0}"
11,184,"{'Left': 869, 'Top': 290, 'Right': 1219, 'Bottom': 316, 'title': None, 'auto_id': 'SimpleInputMultiColumnControl', 'control_type': 'Pane', 'found_index': 0}"
12,185,"{'Left': 869, 'Top': 290, 'Right': 1219, 'Bottom': 316, 'title': 'The XtraLayoutControl', 'auto_id': 'lcMain', 'control_type': 'Pane', 'found_index': 0}"
13,186,"{'Left': 1051, 'Top': 292, 'Right': 1117, 'Bottom': 314, 'title': None, 'auto_id': 'cbeSelectableValues', 'control_type': 'ComboBox', 'found_index': 0}"
14,187,"{'Left': 1100, 'Top': 293, 'Right': 1116, 'Bottom': 313, 'title': 'Open', 'auto_id': None, 'control_type': 'Button', 'found_index': 0}"
15,189,"{'Left': 0, 'Top': 0, 'Right': 0, 'Bottom': 0, 'title': 'Pa(a)', 'auto_id': None, 'control_type': 'ListItem', 'found_index': 0}"
15,190,"{'Left': 0, 'Top': 0, 'Right': 0, 'Bottom': 0, 'title': 'kPa(a)', 'auto_id': None, 'control_type': 'ListItem', 'found_index': 0}"
15,191,"{'Left': 0, 'Top': 0, 'Right': 0, 'Bottom': 0, 'title': 'bar(a)', 'auto_id': None, 'control_type': 'ListItem', 'found_index': 0}"
15,192,"{'Left': 0, 'Top': 0, 'Right': 0, 'Bottom': 0, 'title': 'mbar(a)', 'auto_id': None, 'control_type': 'ListItem', 'found_index': 0}"
15,193,"{'Left': 0, 'Top': 0, 'Right': 0, 'Bottom': 0, 'title': 'PSI(a)', 'auto_id': None, 'control_type': 'ListItem', 'found_index': 0}"
15,194,"{'Left': 0, 'Top': 0, 'Right': 0, 'Bottom': 0, 'title': 'mmAq(a)', 'auto_id': None, 'control_type': 'ListItem', 'found_index': 0}"
15,195,"{'Left': 0, 'Top': 0, 'Right': 0, 'Bottom': 0, 'title': 'm asl', 'auto_id': None, 'control_type': 'ListItem', 'found_index': 0}"
15,196,"{'Left': 0, 'Top': 0, 'Right': 0, 'Bottom': 0, 'title': 'ft asl', 'auto_id': None, 'control_type': 'ListItem', 'found_index': 0}"
15,197,"{'Left': 0, 'Top': 0, 'Right': 0, 'Bottom': 0, 'title': 'Pa(g)', 'auto_id': None, 'control_type': 'ListItem', 'found_index': 0}"
15,198,"{'Left': 0, 'Top': 0, 'Right': 0, 'Bottom': 0, 'title': 'kPa(g)', 'auto_id': None, 'control_type': 'ListItem', 'found_index': 0}"
15,199,"{'Left': 0, 'Top': 0, 'Right': 0, 'Bottom': 0, 'title': 'bar(g)', 'auto_id': None, 'control_type': 'ListItem', 'found_index': 0}"
15,200,"{'Left': 0, 'Top': 0, 'Right': 0, 'Bottom': 0, 'title': 'mbar(g)', 'auto_id': None, 'control_type': 'ListItem', 'found_index': 0}"
15,201,"{'Left': 0, 'Top': 0, 'Right': 0, 'Bottom': 0, 'title': 'PSI(g)', 'auto_id': None, 'control_type': 'ListItem', 'found_index': 0}"
15,202,"{'Left': 0, 'Top': 0, 'Right': 0, 'Bottom': 0, 'title': 'mmAq(g)', 'auto_id': None, 'control_type': 'ListItem', 'found_index': 0}"
13,203,"{'Left': 871, 'Top': 292, 'Right': 1047, 'Bottom': 314, 'title': 'Required Pressure:', 'auto_id': 'lblTitle', 'control_type': 'Text', 'found_index': 0}"
13,204,"{'Left': 1121, 'Top': 292, 'Right': 1217, 'Bottom': 314, 'title': None, 'auto_id': 'Input_0', 'control_type': 'Edit', 'found_index': 0}"
14,205,"{'Left': 1127, 'Top': 295, 'Right': 1211, 'Bottom': 311, 'title': None, 'auto_id': '68818', 'control_type': 'Edit', 'found_index': 0}"
13,206,"{'Left': 869, 'Top': 290, 'Right': 1219, 'Bottom': 316, 'title': 'Root', 'auto_id': None, 'control_type': 'Pane', 'found_index': 0}"
14,207,"{'Left': 1119, 'Top': 290, 'Right': 1219, 'Bottom': 316, 'title': 'lcgInputs', 'auto_id': None, 'control_type': 'Pane', 'found_index': 0}"
14,208,"{'Left': 869, 'Top': 290, 'Right': 1119, 'Bottom': 316, 'title': 'lcgTitleAndUnit', 'auto_id': None, 'control_type': 'Pane', 'found_index': 0}"
11,209,"{'Left': 869, 'Top': 320, 'Right': 1219, 'Bottom': 346, 'title': None, 'auto_id': 'SimpleInputMultiColumnControl', 'control_type': 'Pane', 'found_index': 0}"
12,210,"{'Left': 869, 'Top': 320, 'Right': 1219, 'Bottom': 346, 'title': 'The XtraLayoutControl', 'auto_id': 'lcMain', 'control_type': 'Pane', 'found_index': 0}"
13,211,"{'Left': 1051, 'Top': 322, 'Right': 1117, 'Bottom': 344, 'title': None, 'auto_id': 'cbeSelectableValues', 'control_type': 'ComboBox', 'found_index': 0}"
14,212,"{'Left': 1100, 'Top': 323, 'Right': 1116, 'Bottom': 343, 'title': 'Open', 'auto_id': None, 'control_type': 'Button', 'found_index': 0}"
15,214,"{'Left': 0, 'Top': 0, 'Right': 0, 'Bottom': 0, 'title': 'Nm³/s', 'auto_id': None, 'control_type': 'ListItem', 'found_index': 0}"
15,215,"{'Left': 0, 'Top': 0, 'Right': 0, 'Bottom': 0, 'title': 'Nm³/min', 'auto_id': None, 'control_type': 'ListItem', 'found_index': 0}"
15,216,"{'Left': 0, 'Top': 0, 'Right': 0, 'Bottom': 0, 'title': 'Nm³/h', 'auto_id': None, 'control_type': 'ListItem', 'found_index': 0}"
15,217,"{'Left': 0, 'Top': 0, 'Right': 0, 'Bottom': 0, 'title': 'scfm', 'auto_id': None, 'control_type': 'ListItem', 'found_index': 0}"
13,218,"{'Left': 871, 'Top': 322, 'Right': 1047, 'Bottom': 344, 'title': 'Requested Flow:', 'auto_id': 'lblTitle', 'control_type': 'Text', 'found_index': 0}"
13,219,"{'Left': 1121, 'Top': 322, 'Right': 1217, 'Bottom': 344, 'title': None, 'auto_id': 'Input_0', 'control_type': 'Edit', 'found_index': 0}"
14,220,"{'Left': 1127, 'Top': 325, 'Right': 1211, 'Bottom': 341, 'title': None, 'auto_id': '68840', 'control_type': 'Edit', 'found_index': 0}"
13,221,"{'Left': 869, 'Top': 320, 'Right': 1219, 'Bottom': 346, 'title': 'Root', 'auto_id': None, 'control_type': 'Pane', 'found_index': 0}"
14,222,"{'Left': 1119, 'Top': 320, 'Right': 1219, 'Bottom': 346, 'title': 'lcgInputs', 'auto_id': None, 'control_type': 'Pane', 'found_index': 0}"
14,223,"{'Left': 869, 'Top': 320, 'Right': 1119, 'Bottom': 346, 'title': 'lcgTitleAndUnit', 'auto_id': None, 'control_type': 'Pane', 'found_index': 0}"
11,224,"{'Left': 869, 'Top': 350, 'Right': 1219, 'Bottom': 376, 'title': None, 'auto_id': 'SimpleInputMultiColumnControl', 'control_type': 'Pane', 'found_index': 0}"
12,225,"{'Left': 869, 'Top': 350, 'Right': 1219, 'Bottom': 376, 'title': 'The XtraLayoutControl', 'auto_id': 'lcMain', 'control_type': 'Pane', 'found_index': 0}"
13,226,"{'Left': 1051, 'Top': 352, 'Right': 1117, 'Bottom': 374, 'title': None, 'auto_id': 'cbeSelectableValues', 'control_type': 'ComboBox', 'found_index': 0}"
14,227,"{'Left': 1100, 'Top': 353, 'Right': 1116, 'Bottom': 373, 'title': 'Open', 'auto_id': None, 'control_type': 'Button', 'found_index': 0}"
15,229,"{'Left': 0, 'Top': 0, 'Right': 0, 'Bottom': 0, 'title': 's', 'auto_id': None, 'control_type': 'ListItem', 'found_index': 0}"
15,230,"{'Left': 0, 'Top': 0, 'Right': 0, 'Bottom': 0, 'title': 'min', 'auto_id': None, 'control_type': 'ListItem', 'found_index': 0}"
15,231,"{'Left': 0, 'Top': 0, 'Right': 0, 'Bottom': 0, 'title': 'h', 'auto_id': None, 'control_type': 'ListItem', 'found_index': 0}"
13,232,"{'Left': 871, 'Top': 352, 'Right': 1047, 'Bottom': 374, 'title': 'Running Hours:', 'auto_id': 'lblTitle', 'control_type': 'Text', 'found_index': 0}"
13,233,"{'Left': 1121, 'Top': 352, 'Right': 1217, 'Bottom': 374, 'title': None, 'auto_id': 'Input_0', 'control_type': 'Edit', 'found_index': 0}"
14,234,"{'Left': 1127, 'Top': 355, 'Right': 1211, 'Bottom': 371, 'title': None, 'auto_id': '68862', 'control_type': 'Edit', 'found_index': 0}"
13,235,"{'Left': 869, 'Top': 350, 'Right': 1219, 'Bottom': 376, 'title': 'Root', 'auto_id': None, 'control_type': 'Pane', 'found_index': 0}"
14,236,"{'Left': 1119, 'Top': 350, 'Right': 1219, 'Bottom': 376, 'title': 'lcgInputs', 'auto_id': None, 'control_type': 'Pane', 'found_index': 0}"
14,237,"{'Left': 869, 'Top': 350, 'Right': 1119, 'Bottom': 376, 'title': 'lcgTitleAndUnit', 'auto_id': None, 'control_type': 'Pane', 'found_index': 0}"
11,238,"{'Left': 869, 'Top': 380, 'Right': 1219, 'Bottom': 406, 'title': None, 'auto_id': 'SimpleInputMultiColumnControl', 'control_type': 'Pane', 'found_index': 0}"
12,239,"{'Left': 869, 'Top': 380, 'Right': 1219, 'Bottom': 406, 'title': 'The XtraLayoutControl', 'auto_id': 'lcMain', 'control_type': 'Pane', 'found_index': 0}"
13,240,"{'Left': 1051, 'Top': 382, 'Right': 1117, 'Bottom': 404, 'title': None, 'auto_id': 'cbeSelectableValues', 'control_type': 'ComboBox', 'found_index': 0}"
14,241,"{'Left': 1100, 'Top': 383, 'Right': 1116, 'Bottom': 403, 'title': 'Open', 'auto_id': None, 'control_type': 'Button', 'found_index': 0}"
15,243,"{'Left': 0, 'Top': 0, 'Right': 0, 'Bottom': 0, 'title': 'cycle(s)/s', 'auto_id': None, 'control_type': 'ListItem', 'found_index': 0}"
15,244,"{'Left': 0, 'Top': 0, 'Right': 0, 'Bottom': 0, 'title': 'cycle(s)/min', 'auto_id': None, 'control_type': 'ListItem', 'found_index': 0}"
15,245,"{'Left': 0, 'Top': 0, 'Right': 0, 'Bottom': 0, 'title': 'cycle(s)/h', 'auto_id': None, 'control_type': 'ListItem', 'found_index': 0}"
13,246,"{'Left': 871, 'Top': 382, 'Right': 1047, 'Bottom': 404, 'title': 'Cycle Rate:', 'auto_id': 'lblTitle', 'control_type': 'Text', 'found_index': 0}"
13,247,"{'Left': 1121, 'Top': 382, 'Right': 1217, 'Bottom': 404, 'title': None, 'auto_id': 'Input_0', 'control_type': 'Edit', 'found_index': 0}"
14,248,"{'Left': 1127, 'Top': 385, 'Right': 1211, 'Bottom': 401, 'title': None, 'auto_id': '68884', 'control_type': 'Edit', 'found_index': 0}"
13,249,"{'Left': 869, 'Top': 380, 'Right': 1219, 'Bottom': 406, 'title': 'Root', 'auto_id': None, 'control_type': 'Pane', 'found_index': 0}"
14,250,"{'Left': 1119, 'Top': 380, 'Right': 1219, 'Bottom': 406, 'title': 'lcgInputs', 'auto_id': None, 'control_type': 'Pane', 'found_index': 0}"
14,251,"{'Left': 869, 'Top': 380, 'Right': 1119, 'Bottom': 406, 'title': 'lcgTitleAndUnit', 'auto_id': None, 'control_type': 'Pane', 'found_index': 0}"
11,252,"{'Left': 867, 'Top': 253, 'Right': 1221, 'Bottom': 408, 'title': 'Root', 'auto_id': None, 'control_type': 'Pane', 'found_index': 0}"
12,253,"{'Left': 867, 'Top': 288, 'Right': 1221, 'Bottom': 408, 'title': 'lcgContents', 'auto_id': None, 'control_type': 'Pane', 'found_index': 0}"
12,254,"{'Left': 867, 'Top': 286, 'Right': 1221, 'Bottom': 287, 'title': 'simpleSeparator1', 'auto_id': None, 'control_type': 'Separator', 'found_index': 0}"
12,255,"{'Left': 867, 'Top': 253, 'Right': 1221, 'Bottom': 286, 'title': 'lcgTitleBar', 'auto_id': None, 'control_type': 'Pane', 'found_index': 0}"
13,256,"{'Left': 937, 'Top': 253, 'Right': 1197, 'Bottom': 286, 'title': 'esiTitleAndButton', 'auto_id': None, 'control_type': 'Custom', 'found_index': 0}"
12,257,"{'Left': 867, 'Top': 287, 'Right': 1221, 'Bottom': 288, 'title': 'lcgLine', 'auto_id': None, 'control_type': 'Pane', 'found_index': 0}"
9,258,"{'Left': 867, 'Top': 412, 'Right': 1221, 'Bottom': 537, 'title': None, 'auto_id': 'TitleContainer', 'control_type': 'Pane', 'found_index': 0}"
10,259,"{'Left': 867, 'Top': 412, 'Right': 1221, 'Bottom': 537, 'title': 'The XtraLayoutControl', 'auto_id': 'mainContainerTitleContainer', 'control_type': 'Pane', 'found_index': 0}"
11,260,"{'Left': 1197, 'Top': 417, 'Right': 1221, 'Bottom': 441, 'title': None, 'auto_id': 'sbHideUnhide', 'control_type': 'Button', 'found_index': 0}"
11,261,"{'Left': 872, 'Top': 417, 'Right': 991, 'Bottom': 435, 'title': 'Inlet Conditions', 'auto_id': 'titleLabelTitleContainer', 'control_type': 'Text', 'found_index': 0}"
11,262,"{'Left': 869, 'Top': 449, 'Right': 1219, 'Bottom': 475, 'title': None, 'auto_id': 'SimpleInputMultiColumnControl', 'control_type': 'Pane', 'found_index': 0}"
12,263,"{'Left': 869, 'Top': 449, 'Right': 1219, 'Bottom': 475, 'title': 'The XtraLayoutControl', 'auto_id': 'lcMain', 'control_type': 'Pane', 'found_index': 0}"
13,264,"{'Left': 1051, 'Top': 451, 'Right': 1117, 'Bottom': 473, 'title': None, 'auto_id': 'cbeSelectableValues', 'control_type': 'ComboBox', 'found_index': 0}"
14,265,"{'Left': 1100, 'Top': 452, 'Right': 1116, 'Bottom': 472, 'title': 'Open', 'auto_id': None, 'control_type': 'Button', 'found_index': 0}"
15,267,"{'Left': 0, 'Top': 0, 'Right': 0, 'Bottom': 0, 'title': 'Pa(a)', 'auto_id': None, 'control_type': 'ListItem', 'found_index': 0}"
15,268,"{'Left': 0, 'Top': 0, 'Right': 0, 'Bottom': 0, 'title': 'kPa(a)', 'auto_id': None, 'control_type': 'ListItem', 'found_index': 0}"
15,269,"{'Left': 0, 'Top': 0, 'Right': 0, 'Bottom': 0, 'title': 'bar(a)', 'auto_id': None, 'control_type': 'ListItem', 'found_index': 0}"
15,270,"{'Left': 0, 'Top': 0, 'Right': 0, 'Bottom': 0, 'title': 'mbar(a)', 'auto_id': None, 'control_type': 'ListItem', 'found_index': 0}"
15,271,"{'Left': 0, 'Top': 0, 'Right': 0, 'Bottom': 0, 'title': 'PSI(a)', 'auto_id': None, 'control_type': 'ListItem', 'found_index': 0}"
15,272,"{'Left': 0, 'Top': 0, 'Right': 0, 'Bottom': 0, 'title': 'mmAq(a)', 'auto_id': None, 'control_type': 'ListItem', 'found_index': 0}"
15,273,"{'Left': 0, 'Top': 0, 'Right': 0, 'Bottom': 0, 'title': 'm asl', 'auto_id': None, 'control_type': 'ListItem', 'found_index': 0}"
15,274,"{'Left': 0, 'Top': 0, 'Right': 0, 'Bottom': 0, 'title': 'ft asl', 'auto_id': None, 'control_type': 'ListItem', 'found_index': 0}"
13,275,"{'Left': 871, 'Top': 451, 'Right': 1047, 'Bottom': 473, 'title': 'Pressure:', 'auto_id': 'lblTitle', 'control_type': 'Text', 'found_index': 0}"
13,276,"{'Left': 1121, 'Top': 451, 'Right': 1217, 'Bottom': 473, 'title': None, 'auto_id': 'Input_0', 'control_type': 'Edit', 'found_index': 0}"
14,277,"{'Left': 1127, 'Top': 454, 'Right': 1211, 'Bottom': 470, 'title': None, 'auto_id': '68924', 'control_type': 'Edit', 'found_index': 0}"
13,278,"{'Left': 869, 'Top': 449, 'Right': 1219, 'Bottom': 475, 'title': 'Root', 'auto_id': None, 'control_type': 'Pane', 'found_index': 0}"
14,279,"{'Left': 1119, 'Top': 449, 'Right': 1219, 'Bottom': 475, 'title': 'lcgInputs', 'auto_id': None, 'control_type': 'Pane', 'found_index': 0}"
14,280,"{'Left': 869, 'Top': 449, 'Right': 1119, 'Bottom': 475, 'title': 'lcgTitleAndUnit', 'auto_id': None, 'control_type': 'Pane', 'found_index': 0}"
11,281,"{'Left': 869, 'Top': 479, 'Right': 1219, 'Bottom': 505, 'title': None, 'auto_id': 'SimpleInputMultiColumnControl', 'control_type': 'Pane', 'found_index': 0}"
12,282,"{'Left': 869, 'Top': 479, 'Right': 1219, 'Bottom': 505, 'title': 'The XtraLayoutControl', 'auto_id': 'lcMain', 'control_type': 'Pane', 'found_index': 0}"
13,283,"{'Left': 1051, 'Top': 481, 'Right': 1117, 'Bottom': 503, 'title': None, 'auto_id': 'cbeSelectableValues', 'control_type': 'ComboBox', 'found_index': 0}"
14,284,"{'Left': 1100, 'Top': 482, 'Right': 1116, 'Bottom': 502, 'title': 'Open', 'auto_id': None, 'control_type': 'Button', 'found_index': 0}"
15,286,"{'Left': 0, 'Top': 0, 'Right': 0, 'Bottom': 0, 'title': 'K', 'auto_id': None, 'control_type': 'ListItem', 'found_index': 0}"
15,287,"{'Left': 0, 'Top': 0, 'Right': 0, 'Bottom': 0, 'title': '°C', 'auto_id': None, 'control_type': 'ListItem', 'found_index': 0}"
15,288,"{'Left': 0, 'Top': 0, 'Right': 0, 'Bottom': 0, 'title': '°F', 'auto_id': None, 'control_type': 'ListItem', 'found_index': 0}"
13,289,"{'Left': 871, 'Top': 481, 'Right': 1047, 'Bottom': 503, 'title': 'Temperature:', 'auto_id': 'lblTitle', 'control_type': 'Text', 'found_index': 0}"
13,290,"{'Left': 1121, 'Top': 481, 'Right': 1217, 'Bottom': 503, 'title': None, 'auto_id': 'Input_0', 'control_type': 'Edit', 'found_index': 0}"
14,291,"{'Left': 1127, 'Top': 484, 'Right': 1211, 'Bottom': 500, 'title': None, 'auto_id': '68946', 'control_type': 'Edit', 'found_index': 0}"
13,292,"{'Left': 869, 'Top': 479, 'Right': 1219, 'Bottom': 505, 'title': 'Root', 'auto_id': None, 'control_type': 'Pane', 'found_index': 0}"
14,293,"{'Left': 1119, 'Top': 479, 'Right': 1219, 'Bottom': 505, 'title': 'lcgInputs', 'auto_id': None, 'control_type': 'Pane', 'found_index': 0}"
14,294,"{'Left': 869, 'Top': 479, 'Right': 1119, 'Bottom': 505, 'title': 'lcgTitleAndUnit', 'auto_id': None, 'control_type': 'Pane', 'found_index': 0}"
11,295,"{'Left': 869, 'Top': 509, 'Right': 1219, 'Bottom': 535, 'title': None, 'auto_id': 'SimpleInputMultiColumnControl', 'control_type': 'Pane', 'found_index': 0}"
12,296,"{'Left': 869, 'Top': 509, 'Right': 1219, 'Bottom': 535, 'title': 'The XtraLayoutControl', 'auto_id': 'lcMain', 'control_type': 'Pane', 'found_index': 0}"
13,297,"{'Left': 1051, 'Top': 511, 'Right': 1117, 'Bottom': 533, 'title': None, 'auto_id': 'cbeSelectableValues', 'control_type': 'ComboBox', 'found_index': 0}"
14,298,"{'Left': 1100, 'Top': 512, 'Right': 1116, 'Bottom': 532, 'title': 'Open', 'auto_id': None, 'control_type': 'Button', 'found_index': 0}"
15,300,"{'Left': 0, 'Top': 0, 'Right': 0, 'Bottom': 0, 'title': '%', 'auto_id': None, 'control_type': 'ListItem', 'found_index': 0}"
13,301,"{'Left': 871, 'Top': 511, 'Right': 1047, 'Bottom': 533, 'title': 'Relative Humidity:', 'auto_id': 'lblTitle', 'control_type': 'Text', 'found_index': 0}"
13,302,"{'Left': 1121, 'Top': 511, 'Right': 1217, 'Bottom': 533, 'title': None, 'auto_id': 'Input_0', 'control_type': 'Edit', 'found_index': 0}"
14,303,"{'Left': 1127, 'Top': 514, 'Right': 1211, 'Bottom': 530, 'title': None, 'auto_id': '68968', 'control_type': 'Edit', 'found_index': 0}"
13,304,"{'Left': 869, 'Top': 509, 'Right': 1219, 'Bottom': 535, 'title': 'Root', 'auto_id': None, 'control_type': 'Pane', 'found_index': 0}"
14,305,"{'Left': 1119, 'Top': 509, 'Right': 1219, 'Bottom': 535, 'title': 'lcgInputs', 'auto_id': None, 'control_type': 'Pane', 'found_index': 0}"
14,306,"{'Left': 869, 'Top': 509, 'Right': 1119, 'Bottom': 535, 'title': 'lcgTitleAndUnit', 'auto_id': None, 'control_type': 'Pane', 'found_index': 0}"
11,307,"{'Left': 867, 'Top': 412, 'Right': 1221, 'Bottom': 537, 'title': 'Root', 'auto_id': None, 'control_type': 'Pane', 'found_index': 0}"
12,308,"{'Left': 867, 'Top': 447, 'Right': 1221, 'Bottom': 537, 'title': 'lcgContents', 'auto_id': None, 'control_type': 'Pane', 'found_index': 0}"
12,309,"{'Left': 867, 'Top': 445, 'Right': 1221, 'Bottom': 446, 'title': 'simpleSeparator1', 'auto_id': None, 'control_type': 'Separator', 'found_index': 0}"
12,310,"{'Left': 867, 'Top': 412, 'Right': 1221, 'Bottom': 445, 'title': 'lcgTitleBar', 'auto_id': None, 'control_type': 'Pane', 'found_index': 0}"
13,311,"{'Left': 996, 'Top': 412, 'Right': 1197, 'Bottom': 445, 'title': 'esiTitleAndButton', 'auto_id': None, 'control_type': 'Custom', 'found_index': 0}"
12,312,"{'Left': 867, 'Top': 446, 'Right': 1221, 'Bottom': 447, 'title': 'lcgLine', 'auto_id': None, 'control_type': 'Pane', 'found_index': 0}"
9,313,"{'Left': 867, 'Top': 541, 'Right': 1221, 'Bottom': 666, 'title': None, 'auto_id': 'TitleContainer', 'control_type': 'Pane', 'found_index': 0}"
10,314,"{'Left': 867, 'Top': 541, 'Right': 1221, 'Bottom': 666, 'title': 'The XtraLayoutControl', 'auto_id': 'mainContainerTitleContainer', 'control_type': 'Pane', 'found_index': 0}"
11,315,"{'Left': 1197, 'Top': 546, 'Right': 1221, 'Bottom': 570, 'title': None, 'auto_id': 'sbHideUnhide', 'control_type': 'Button', 'found_index': 0}"
11,316,"{'Left': 872, 'Top': 546, 'Right': 1016, 'Bottom': 564, 'title': 'Ambient Conditions', 'auto_id': 'titleLabelTitleContainer', 'control_type': 'Text', 'found_index': 0}"
11,317,"{'Left': 869, 'Top': 578, 'Right': 1219, 'Bottom': 604, 'title': None, 'auto_id': 'SimpleInputMultiColumnControl', 'control_type': 'Pane', 'found_index': 0}"
12,318,"{'Left': 869, 'Top': 578, 'Right': 1219, 'Bottom': 604, 'title': 'The XtraLayoutControl', 'auto_id': 'lcMain', 'control_type': 'Pane', 'found_index': 0}"
13,319,"{'Left': 1051, 'Top': 580, 'Right': 1117, 'Bottom': 602, 'title': None, 'auto_id': 'cbeSelectableValues', 'control_type': 'ComboBox', 'found_index': 0}"
14,320,"{'Left': 1100, 'Top': 581, 'Right': 1116, 'Bottom': 601, 'title': 'Open', 'auto_id': None, 'control_type': 'Button', 'found_index': 0}"
15,322,"{'Left': 0, 'Top': 0, 'Right': 0, 'Bottom': 0, 'title': 'Pa(a)', 'auto_id': None, 'control_type': 'ListItem', 'found_index': 0}"
15,323,"{'Left': 0, 'Top': 0, 'Right': 0, 'Bottom': 0, 'title': 'kPa(a)', 'auto_id': None, 'control_type': 'ListItem', 'found_index': 0}"
15,324,"{'Left': 0, 'Top': 0, 'Right': 0, 'Bottom': 0, 'title': 'bar(a)', 'auto_id': None, 'control_type': 'ListItem', 'found_index': 0}"
15,325,"{'Left': 0, 'Top': 0, 'Right': 0, 'Bottom': 0, 'title': 'mbar(a)', 'auto_id': None, 'control_type': 'ListItem', 'found_index': 0}"
15,326,"{'Left': 0, 'Top': 0, 'Right': 0, 'Bottom': 0, 'title': 'PSI(a)', 'auto_id': None, 'control_type': 'ListItem', 'found_index': 0}"
15,327,"{'Left': 0, 'Top': 0, 'Right': 0, 'Bottom': 0, 'title': 'mmAq(a)', 'auto_id': None, 'control_type': 'ListItem', 'found_index': 0}"
15,328,"{'Left': 0, 'Top': 0, 'Right': 0, 'Bottom': 0, 'title': 'm asl', 'auto_id': None, 'control_type': 'ListItem', 'found_index': 0}"
15,329,"{'Left': 0, 'Top': 0, 'Right': 0, 'Bottom': 0, 'title': 'ft asl', 'auto_id': None, 'control_type': 'ListItem', 'found_index': 0}"
13,330,"{'Left': 871, 'Top': 580, 'Right': 1047, 'Bottom': 602, 'title': 'Pressure:', 'auto_id': 'lblTitle', 'control_type': 'Text', 'found_index': 0}"
13,331,"{'Left': 1121, 'Top': 580, 'Right': 1217, 'Bottom': 602, 'title': None, 'auto_id': 'Input_0', 'control_type': 'Edit', 'found_index': 0}"
14,332,"{'Left': 1127, 'Top': 583, 'Right': 1211, 'Bottom': 599, 'title': None, 'auto_id': '69008', 'control_type': 'Edit', 'found_index': 0}"
13,333,"{'Left': 869, 'Top': 578, 'Right': 1219, 'Bottom': 604, 'title': 'Root', 'auto_id': None, 'control_type': 'Pane', 'found_index': 0}"
14,334,"{'Left': 1119, 'Top': 578, 'Right': 1219, 'Bottom': 604, 'title': 'lcgInputs', 'auto_id': None, 'control_type': 'Pane', 'found_index': 0}"
14,335,"{'Left': 869, 'Top': 578, 'Right': 1119, 'Bottom': 604, 'title': 'lcgTitleAndUnit', 'auto_id': None, 'control_type': 'Pane', 'found_index': 0}"
11,336,"{'Left': 869, 'Top': 608, 'Right': 1219, 'Bottom': 634, 'title': None, 'auto_id': 'SimpleInputMultiColumnControl', 'control_type': 'Pane', 'found_index': 0}"
12,337,"{'Left': 869, 'Top': 608, 'Right': 1219, 'Bottom': 634, 'title': 'The XtraLayoutControl', 'auto_id': 'lcMain', 'control_type': 'Pane', 'found_index': 0}"
13,338,"{'Left': 1051, 'Top': 610, 'Right': 1117, 'Bottom': 632, 'title': None, 'auto_id': 'cbeSelectableValues', 'control_type': 'ComboBox', 'found_index': 0}"
14,339,"{'Left': 1100, 'Top': 611, 'Right': 1116, 'Bottom': 631, 'title': 'Open', 'auto_id': None, 'control_type': 'Button', 'found_index': 0}"
15,341,"{'Left': 0, 'Top': 0, 'Right': 0, 'Bottom': 0, 'title': 'K', 'auto_id': None, 'control_type': 'ListItem', 'found_index': 0}"
15,342,"{'Left': 0, 'Top': 0, 'Right': 0, 'Bottom': 0, 'title': '°C', 'auto_id': None, 'control_type': 'ListItem', 'found_index': 0}"
15,343,"{'Left': 0, 'Top': 0, 'Right': 0, 'Bottom': 0, 'title': '°F', 'auto_id': None, 'control_type': 'ListItem', 'found_index': 0}"
13,344,"{'Left': 871, 'Top': 610, 'Right': 1047, 'Bottom': 632, 'title': 'Temperature:', 'auto_id': 'lblTitle', 'control_type': 'Text', 'found_index': 0}"
13,345,"{'Left': 1121, 'Top': 610, 'Right': 1217, 'Bottom': 632, 'title': None, 'auto_id': 'Input_0', 'control_type': 'Edit', 'found_index': 0}"
14,346,"{'Left': 1127, 'Top': 613, 'Right': 1211, 'Bottom': 629, 'title': None, 'auto_id': '69030', 'control_type': 'Edit', 'found_index': 0}"
13,347,"{'Left': 869, 'Top': 608, 'Right': 1219, 'Bottom': 634, 'title': 'Root', 'auto_id': None, 'control_type': 'Pane', 'found_index': 0}"
14,348,"{'Left': 1119, 'Top': 608, 'Right': 1219, 'Bottom': 634, 'title': 'lcgInputs', 'auto_id': None, 'control_type': 'Pane', 'found_index': 0}"
14,349,"{'Left': 869, 'Top': 608, 'Right': 1119, 'Bottom': 634, 'title': 'lcgTitleAndUnit', 'auto_id': None, 'control_type': 'Pane', 'found_index': 0}"
11,350,"{'Left': 869, 'Top': 638, 'Right': 1219, 'Bottom': 664, 'title': None, 'auto_id': 'SimpleInputMultiColumnControl', 'control_type': 'Pane', 'found_index': 0}"
12,351,"{'Left': 869, 'Top': 638, 'Right': 1219, 'Bottom': 664, 'title': 'The XtraLayoutControl', 'auto_id': 'lcMain', 'control_type': 'Pane', 'found_index': 0}"
13,352,"{'Left': 1051, 'Top': 640, 'Right': 1117, 'Bottom': 662, 'title': None, 'auto_id': 'cbeSelectableValues', 'control_type': 'ComboBox', 'found_index': 0}"
14,353,"{'Left': 1100, 'Top': 641, 'Right': 1116, 'Bottom': 661, 'title': 'Open', 'auto_id': None, 'control_type': 'Button', 'found_index': 0}"
15,355,"{'Left': 0, 'Top': 0, 'Right': 0, 'Bottom': 0, 'title': '%', 'auto_id': None, 'control_type': 'ListItem', 'found_index': 0}"
13,356,"{'Left': 871, 'Top': 640, 'Right': 1047, 'Bottom': 662, 'title': 'Relative Humidity:', 'auto_id': 'lblTitle', 'control_type': 'Text', 'found_index': 0}"
13,357,"{'Left': 1121, 'Top': 640, 'Right': 1217, 'Bottom': 662, 'title': None, 'auto_id': 'Input_0', 'control_type': 'Edit', 'found_index': 0}"
14,358,"{'Left': 1127, 'Top': 643, 'Right': 1211, 'Bottom': 659, 'title': None, 'auto_id': '69052', 'control_type': 'Edit', 'found_index': 0}"
13,359,"{'Left': 869, 'Top': 638, 'Right': 1219, 'Bottom': 664, 'title': 'Root', 'auto_id': None, 'control_type': 'Pane', 'found_index': 0}"
14,360,"{'Left': 1119, 'Top': 638, 'Right': 1219, 'Bottom': 664, 'title': 'lcgInputs', 'auto_id': None, 'control_type': 'Pane', 'found_index': 0}"
14,361,"{'Left': 869, 'Top': 638, 'Right': 1119, 'Bottom': 664, 'title': 'lcgTitleAndUnit', 'auto_id': None, 'control_type': 'Pane', 'found_index': 0}"
11,362,"{'Left': 867, 'Top': 541, 'Right': 1221, 'Bottom': 666, 'title': 'Root', 'auto_id': None, 'control_type': 'Pane', 'found_index': 0}"
12,363,"{'Left': 867, 'Top': 576, 'Right': 1221, 'Bottom': 666, 'title': 'lcgContents', 'auto_id': None, 'control_type': 'Pane', 'found_index': 0}"
12,364,"{'Left': 867, 'Top': 574, 'Right': 1221, 'Bottom': 575, 'title': 'simpleSeparator1', 'auto_id': None, 'control_type': 'Separator', 'found_index': 0}"
12,365,"{'Left': 867, 'Top': 541, 'Right': 1221, 'Bottom': 574, 'title': 'lcgTitleBar', 'auto_id': None, 'control_type': 'Pane', 'found_index': 0}"
13,366,"{'Left': 1021, 'Top': 541, 'Right': 1197, 'Bottom': 574, 'title': 'esiTitleAndButton', 'auto_id': None, 'control_type': 'Custom', 'found_index': 0}"
12,367,"{'Left': 867, 'Top': 575, 'Right': 1221, 'Bottom': 576, 'title': 'lcgLine', 'auto_id': None, 'control_type': 'Pane', 'found_index': 0}"
9,368,"{'Left': 867, 'Top': 670, 'Right': 1221, 'Bottom': 775, 'title': None, 'auto_id': 'TitleContainer', 'control_type': 'Pane', 'found_index': 0}"
10,369,"{'Left': 867, 'Top': 670, 'Right': 1221, 'Bottom': 775, 'title': 'The XtraLayoutControl', 'auto_id': 'mainContainerTitleContainer', 'control_type': 'Pane', 'found_index': 0}"
11,370,"{'Left': 1197, 'Top': 675, 'Right': 1221, 'Bottom': 699, 'title': None, 'auto_id': 'sbHideUnhide', 'control_type': 'Button', 'found_index': 0}"
11,371,"{'Left': 872, 'Top': 675, 'Right': 1074, 'Bottom': 693, 'title': 'Coolant Medium Conditions', 'auto_id': 'titleLabelTitleContainer', 'control_type': 'Text', 'found_index': 0}"
11,372,"{'Left': 869, 'Top': 707, 'Right': 1219, 'Bottom': 733, 'title': None, 'auto_id': 'SimpleInputMultiColumnControl', 'control_type': 'Pane', 'found_index': 0}"
12,373,"{'Left': 869, 'Top': 707, 'Right': 1219, 'Bottom': 733, 'title': 'The XtraLayoutControl', 'auto_id': 'lcMain', 'control_type': 'Pane', 'found_index': 0}"
13,374,"{'Left': 1051, 'Top': 709, 'Right': 1117, 'Bottom': 731, 'title': None, 'auto_id': 'cbeSelectableValues', 'control_type': 'ComboBox', 'found_index': 0}"
14,375,"{'Left': 1100, 'Top': 710, 'Right': 1116, 'Bottom': 730, 'title': 'Open', 'auto_id': None, 'control_type': 'Button', 'found_index': 0}"
15,377,"{'Left': 0, 'Top': 0, 'Right': 0, 'Bottom': 0, 'title': 'K', 'auto_id': None, 'control_type': 'ListItem', 'found_index': 0}"
15,378,"{'Left': 0, 'Top': 0, 'Right': 0, 'Bottom': 0, 'title': '°C', 'auto_id': None, 'control_type': 'ListItem', 'found_index': 0}"
15,379,"{'Left': 0, 'Top': 0, 'Right': 0, 'Bottom': 0, 'title': '°F', 'auto_id': None, 'control_type': 'ListItem', 'found_index': 0}"
13,380,"{'Left': 871, 'Top': 709, 'Right': 1047, 'Bottom': 731, 'title': 'Inlet Temperature:', 'auto_id': 'lblTitle', 'control_type': 'Text', 'found_index': 0}"
13,381,"{'Left': 1121, 'Top': 709, 'Right': 1217, 'Bottom': 731, 'title': None, 'auto_id': 'Input_0', 'control_type': 'Edit', 'found_index': 0}"
14,382,"{'Left': 1127, 'Top': 712, 'Right': 1211, 'Bottom': 728, 'title': None, 'auto_id': '69092', 'control_type': 'Edit', 'found_index': 0}"
13,383,"{'Left': 869, 'Top': 707, 'Right': 1219, 'Bottom': 733, 'title': 'Root', 'auto_id': None, 'control_type': 'Pane', 'found_index': 0}"
14,384,"{'Left': 1119, 'Top': 707, 'Right': 1219, 'Bottom': 733, 'title': 'lcgInputs', 'auto_id': None, 'control_type': 'Pane', 'found_index': 0}"
14,385,"{'Left': 869, 'Top': 707, 'Right': 1119, 'Bottom': 733, 'title': 'lcgTitleAndUnit', 'auto_id': None, 'control_type': 'Pane', 'found_index': 0}"
11,386,"{'Left': 869, 'Top': 737, 'Right': 1219, 'Bottom': 763, 'title': None, 'auto_id': 'SimpleInputMultiColumnControl', 'control_type': 'Pane', 'found_index': 0}"
12,387,"{'Left': 869, 'Top': 737, 'Right': 1219, 'Bottom': 763, 'title': 'The XtraLayoutControl', 'auto_id': 'lcMain', 'control_type': 'Pane', 'found_index': 0}"
13,388,"{'Left': 1051, 'Top': 739, 'Right': 1117, 'Bottom': 761, 'title': None, 'auto_id': 'cbeSelectableValues', 'control_type': 'ComboBox', 'found_index': 0}"
14,389,"{'Left': 1100, 'Top': 740, 'Right': 1116, 'Bottom': 760, 'title': 'Open', 'auto_id': None, 'control_type': 'Button', 'found_index': 0}"
15,391,"{'Left': 0, 'Top': 0, 'Right': 0, 'Bottom': 0, 'title': 'K', 'auto_id': None, 'control_type': 'ListItem', 'found_index': 0}"
15,392,"{'Left': 0, 'Top': 0, 'Right': 0, 'Bottom': 0, 'title': '°C', 'auto_id': None, 'control_type': 'ListItem', 'found_index': 0}"
15,393,"{'Left': 0, 'Top': 0, 'Right': 0, 'Bottom': 0, 'title': '°F', 'auto_id': None, 'control_type': 'ListItem', 'found_index': 0}"
13,394,"{'Left': 871, 'Top': 739, 'Right': 1047, 'Bottom': 761, 'title': 'Temperature Rise:', 'auto_id': 'lblTitle', 'control_type': 'Text', 'found_index': 0}"
13,395,"{'Left': 1121, 'Top': 739, 'Right': 1217, 'Bottom': 761, 'title': None, 'auto_id': 'Input_0', 'control_type': 'Edit', 'found_index': 0}"
14,396,"{'Left': 1127, 'Top': 742, 'Right': 1211, 'Bottom': 758, 'title': None, 'auto_id': '69114', 'control_type': 'Edit', 'found_index': 0}"
13,397,"{'Left': 869, 'Top': 737, 'Right': 1219, 'Bottom': 763, 'title': 'Root', 'auto_id': None, 'control_type': 'Pane', 'found_index': 0}"
14,398,"{'Left': 1119, 'Top': 737, 'Right': 1219, 'Bottom': 763, 'title': 'lcgInputs', 'auto_id': None, 'control_type': 'Pane', 'found_index': 0}"
14,399,"{'Left': 869, 'Top': 737, 'Right': 1119, 'Bottom': 763, 'title': 'lcgTitleAndUnit', 'auto_id': None, 'control_type': 'Pane', 'found_index': 0}"
11,400,"{'Left': 869, 'Top': 767, 'Right': 1219, 'Bottom': 768, 'title': None, 'auto_id': 'SimpleInputMultiColumnControl', 'control_type': 'Pane', 'found_index': 0}"
12,401,"{'Left': 869, 'Top': 767, 'Right': 1219, 'Bottom': 768, 'title': 'The XtraLayoutControl', 'auto_id': 'lcMain', 'control_type': 'Pane', 'found_index': 0}"
13,402,"{'Left': 869, 'Top': 767, 'Right': 1219, 'Bottom': 768, 'title': 'Root', 'auto_id': None, 'control_type': 'Pane', 'found_index': 0}"
11,403,"{'Left': 869, 'Top': 772, 'Right': 1219, 'Bottom': 773, 'title': None, 'auto_id': 'SimpleInputMultiColumnControl', 'control_type': 'Pane', 'found_index': 0}"
12,404,"{'Left': 869, 'Top': 772, 'Right': 1219, 'Bottom': 773, 'title': 'The XtraLayoutControl', 'auto_id': 'lcMain', 'control_type': 'Pane', 'found_index': 0}"
13,405,"{'Left': 869, 'Top': 772, 'Right': 1219, 'Bottom': 773, 'title': 'Root', 'auto_id': None, 'control_type': 'Pane', 'found_index': 0}"
11,406,"{'Left': 867, 'Top': 670, 'Right': 1221, 'Bottom': 775, 'title': 'Root', 'auto_id': None, 'control_type': 'Pane', 'found_index': 0}"
12,407,"{'Left': 867, 'Top': 705, 'Right': 1221, 'Bottom': 775, 'title': 'lcgContents', 'auto_id': None, 'control_type': 'Pane', 'found_index': 0}"
12,408,"{'Left': 867, 'Top': 703, 'Right': 1221, 'Bottom': 704, 'title': 'simpleSeparator1', 'auto_id': None, 'control_type': 'Separator', 'found_index': 0}"
12,409,"{'Left': 867, 'Top': 670, 'Right': 1221, 'Bottom': 703, 'title': 'lcgTitleBar', 'auto_id': None, 'control_type': 'Pane', 'found_index': 0}"
13,410,"{'Left': 1079, 'Top': 670, 'Right': 1197, 'Bottom': 703, 'title': 'esiTitleAndButton', 'auto_id': None, 'control_type': 'Custom', 'found_index': 0}"
12,411,"{'Left': 867, 'Top': 704, 'Right': 1221, 'Bottom': 705, 'title': 'lcgLine', 'auto_id': None, 'control_type': 'Pane', 'found_index': 0}"
9,412,"{'Left': 1121, 'Top': 214, 'Right': 1221, 'Bottom': 249, 'title': None, 'auto_id': 'ColumnCheckboxControl', 'control_type': 'Pane', 'found_index': 0}"
10,413,"{'Left': 1121, 'Top': 214, 'Right': 1221, 'Bottom': 249, 'title': 'The XtraLayoutControl', 'auto_id': 'lcMain', 'control_type': 'Pane', 'found_index': 0}"
11,414,"{'Left': 1123, 'Top': 216, 'Right': 1219, 'Bottom': 236, 'title': 'Condition 1', 'auto_id': 'chkeTitle', 'control_type': 'CheckBox', 'found_index': 0}"
11,415,"{'Left': 1121, 'Top': 214, 'Right': 1221, 'Bottom': 249, 'title': 'Root', 'auto_id': None, 'control_type': 'Pane', 'found_index': 0}"
12,416,"{'Left': 1121, 'Top': 238, 'Right': 1220, 'Bottom': 249, 'title': 'esiDeleteButton', 'auto_id': None, 'control_type': 'Custom', 'found_index': 0}"
9,417,"{'Left': 865, 'Top': 212, 'Right': 1223, 'Bottom': 777, 'title': 'lcgMainScrollableContainer', 'auto_id': None, 'control_type': 'Pane', 'found_index': 0}"
10,418,"{'Left': 865, 'Top': 212, 'Right': 1223, 'Bottom': 251, 'title': 'lcgTop', 'auto_id': None, 'control_type': 'Pane', 'found_index': 0}"
11,419,"{'Left': 1119, 'Top': 212, 'Right': 1223, 'Bottom': 251, 'title': 'lcgCheckboxes', 'auto_id': None, 'control_type': 'Pane', 'found_index': 0}"
11,420,"{'Left': 865, 'Top': 212, 'Right': 1119, 'Bottom': 251, 'title': 'lcgColumnControls', 'auto_id': None, 'control_type': 'Pane', 'found_index': 0}"
12,421,"{'Left': 904, 'Top': 212, 'Right': 1119, 'Bottom': 251, 'title': 'esiAddButton', 'auto_id': None, 'control_type': 'Custom', 'found_index': 0}"
10,422,"{'Left': 865, 'Top': 251, 'Right': 1223, 'Bottom': 777, 'title': 'lcgInputContainer', 'auto_id': None, 'control_type': 'Pane', 'found_index': 0}"
8,423,"{'Left': 1880, 'Top': 212, 'Right': 1897, 'Bottom': 714, 'title': 'Vertical', 'auto_id': None, 'control_type': 'ScrollBar', 'found_index': 0}"
9,424,"{'Left': 1880, 'Top': 212, 'Right': 1897, 'Bottom': 229, 'title': 'Line Up', 'auto_id': None, 'control_type': 'Button', 'found_index': 0}"
9,425,"{'Left': 1880, 'Top': 229, 'Right': 1897, 'Bottom': 644, 'title': 'Position', 'auto_id': None, 'control_type': 'Button', 'found_index': 0}"
9,426,"{'Left': 1880, 'Top': 644, 'Right': 1897, 'Bottom': 697, 'title': 'Page Down', 'auto_id': None, 'control_type': 'Button', 'found_index': 0}"
9,427,"{'Left': 1880, 'Top': 697, 'Right': 1897, 'Bottom': 714, 'title': 'Line Down', 'auto_id': None, 'control_type': 'Button', 'found_index': 0}"
7,428,"{'Left': 855, 'Top': 202, 'Right': 1907, 'Bottom': 724, 'title': 'Root', 'auto_id': None, 'control_type': 'Pane', 'found_index': 0}"
5,429,"{'Left': 1757, 'Top': 738, 'Right': 1907, 'Bottom': 772, 'title': 'Suggest', 'auto_id': 'suggestButton', 'control_type': 'Button', 'found_index': 0}"
5,430,"{'Left': 13, 'Top': 239, 'Right': 388, 'Bottom': 724, 'title': None, 'auto_id': 'sciLeftInputs', 'control_type': 'Pane', 'found_index': 0}"
6,431,"{'Left': 13, 'Top': 239, 'Right': 388, 'Bottom': 724, 'title': 'xscInputContainer', 'auto_id': 'xscInputContainer', 'control_type': 'Pane', 'found_index': 0}"
7,432,"{'Left': 13, 'Top': 239, 'Right': 388, 'Bottom': 723, 'title': 'The XtraLayoutControl', 'auto_id': 'lcInputContainer', 'control_type': 'Pane', 'found_index': 0}"
8,433,"{'Left': 15, 'Top': 241, 'Right': 386, 'Bottom': 653, 'title': None, 'auto_id': 'TitleContainer', 'control_type': 'Pane', 'found_index': 0}"
9,434,"{'Left': 15, 'Top': 241, 'Right': 386, 'Bottom': 653, 'title': 'The XtraLayoutControl', 'auto_id': 'mainContainerTitleContainer', 'control_type': 'Pane', 'found_index': 0}"
10,435,"{'Left': 362, 'Top': 246, 'Right': 386, 'Bottom': 270, 'title': None, 'auto_id': 'sbHideUnhide', 'control_type': 'Button', 'found_index': 0}"
10,436,"{'Left': 20, 'Top': 246, 'Right': 184, 'Bottom': 264, 'title': 'Configuration Options', 'auto_id': 'titleLabelTitleContainer', 'control_type': 'Text', 'found_index': 0}"
10,437,"{'Left': 17, 'Top': 278, 'Right': 384, 'Bottom': 303, 'title': None, 'auto_id': 'MultipleChoiceInputControl', 'control_type': 'Pane', 'found_index': 0}"
11,438,"{'Left': 17, 'Top': 278, 'Right': 384, 'Bottom': 303, 'title': 'The XtraLayoutControl', 'auto_id': 'mainMultipleChoiceInputControl', 'control_type': 'Pane', 'found_index': 0}"
12,439,"{'Left': 27, 'Top': 280, 'Right': 215, 'Bottom': 301, 'title': 'Motor Control:', 'auto_id': 'lblTitle', 'control_type': 'Text', 'found_index': 0}"
12,440,"{'Left': 219, 'Top': 280, 'Right': 270, 'Bottom': 300, 'title': 'LnL', 'auto_id': 'LnL', 'control_type': 'CheckBox', 'found_index': 0}"
12,441,"{'Left': 274, 'Top': 280, 'Right': 326, 'Bottom': 300, 'title': 'VSD', 'auto_id': 'VSD', 'control_type': 'CheckBox', 'found_index': 0}"
12,442,"{'Left': 17, 'Top': 278, 'Right': 384, 'Bottom': 303, 'title': 'Root', 'auto_id': None, 'control_type': 'Pane', 'found_index': 0}"
13,443,"{'Left': 217, 'Top': 278, 'Right': 328, 'Bottom': 303, 'title': 'lcgColumnContainer', 'auto_id': None, 'control_type': 'Pane', 'found_index': 0}"
14,444,"{'Left': 217, 'Top': 278, 'Right': 272, 'Bottom': 303, 'title': 'COLUMN_1', 'auto_id': None, 'control_type': 'Pane', 'found_index': 0}"
14,445,"{'Left': 272, 'Top': 278, 'Right': 328, 'Bottom': 303, 'title': 'COLUMN_2', 'auto_id': None, 'control_type': 'Pane', 'found_index': 0}"
13,446,"{'Left': 328, 'Top': 278, 'Right': 384, 'Bottom': 303, 'title': 'emptySpaceItem1', 'auto_id': None, 'control_type': 'Custom', 'found_index': 0}"
10,447,"{'Left': 17, 'Top': 307, 'Right': 384, 'Bottom': 332, 'title': None, 'auto_id': 'MultipleChoiceInputControl', 'control_type': 'Pane', 'found_index': 0}"
11,448,"{'Left': 17, 'Top': 307, 'Right': 384, 'Bottom': 332, 'title': 'The XtraLayoutControl', 'auto_id': 'mainMultipleChoiceInputControl', 'control_type': 'Pane', 'found_index': 0}"
12,449,"{'Left': 27, 'Top': 309, 'Right': 215, 'Bottom': 330, 'title': 'Frequency:', 'auto_id': 'lblTitle', 'control_type': 'Text', 'found_index': 0}"
12,450,"{'Left': 219, 'Top': 309, 'Right': 270, 'Bottom': 329, 'title': '50Hz', 'auto_id': '50Hz', 'control_type': 'CheckBox', 'found_index': 0}"
12,451,"{'Left': 274, 'Top': 309, 'Right': 326, 'Bottom': 329, 'title': '60Hz', 'auto_id': '60Hz', 'control_type': 'CheckBox', 'found_index': 0}"
12,452,"{'Left': 17, 'Top': 307, 'Right': 384, 'Bottom': 332, 'title': 'Root', 'auto_id': None, 'control_type': 'Pane', 'found_index': 0}"
13,453,"{'Left': 217, 'Top': 307, 'Right': 328, 'Bottom': 332, 'title': 'lcgColumnContainer', 'auto_id': None, 'control_type': 'Pane', 'found_index': 0}"
14,454,"{'Left': 217, 'Top': 307, 'Right': 272, 'Bottom': 332, 'title': 'COLUMN_1', 'auto_id': None, 'control_type': 'Pane', 'found_index': 0}"
14,455,"{'Left': 272, 'Top': 307, 'Right': 328, 'Bottom': 332, 'title': 'COLUMN_2', 'auto_id': None, 'control_type': 'Pane', 'found_index': 0}"
13,456,"{'Left': 328, 'Top': 307, 'Right': 384, 'Bottom': 332, 'title': 'emptySpaceItem1', 'auto_id': None, 'control_type': 'Custom', 'found_index': 0}"
10,457,"{'Left': 17, 'Top': 336, 'Right': 384, 'Bottom': 361, 'title': None, 'auto_id': 'MultipleChoiceInputControl', 'control_type': 'Pane', 'found_index': 0}"
11,458,"{'Left': 17, 'Top': 336, 'Right': 384, 'Bottom': 361, 'title': 'The XtraLayoutControl', 'auto_id': 'mainMultipleChoiceInputControl', 'control_type': 'Pane', 'found_index': 0}"
12,459,"{'Left': 27, 'Top': 338, 'Right': 215, 'Bottom': 359, 'title': 'Voltage:', 'auto_id': 'lblTitle', 'control_type': 'Text', 'found_index': 0}"
12,460,"{'Left': 219, 'Top': 338, 'Right': 319, 'Bottom': 358, 'title': None, 'auto_id': '68232', 'control_type': 'Edit', 'found_index': 0}"
13,461,"{'Left': 302, 'Top': 339, 'Right': 318, 'Bottom': 357, 'title': 'Open', 'auto_id': None, 'control_type': 'Button', 'found_index': 0}"
12,486,"{'Left': 17, 'Top': 336, 'Right': 384, 'Bottom': 361, 'title': 'Root', 'auto_id': None, 'control_type': 'Pane', 'found_index': 0}"
13,487,"{'Left': 217, 'Top': 336, 'Right': 321, 'Bottom': 361, 'title': 'lcgColumnContainer', 'auto_id': None, 'control_type': 'Pane', 'found_index': 0}"
13,488,"{'Left': 321, 'Top': 336, 'Right': 384, 'Bottom': 361, 'title': 'emptySpaceItem1', 'auto_id': None, 'control_type': 'Custom', 'found_index': 0}"
10,489,"{'Left': 17, 'Top': 365, 'Right': 384, 'Bottom': 390, 'title': None, 'auto_id': 'MultipleChoiceInputControl', 'control_type': 'Pane', 'found_index': 0}"
11,490,"{'Left': 17, 'Top': 365, 'Right': 384, 'Bottom': 390, 'title': 'The XtraLayoutControl', 'auto_id': 'mainMultipleChoiceInputControl', 'control_type': 'Pane', 'found_index': 0}"
12,491,"{'Left': 27, 'Top': 367, 'Right': 215, 'Bottom': 388, 'title': 'Cooling Medium:', 'auto_id': 'lblTitle', 'control_type': 'Text', 'found_index': 0}"
12,492,"{'Left': 219, 'Top': 367, 'Right': 269, 'Bottom': 387, 'title': 'Air', 'auto_id': 'Air', 'control_type': 'CheckBox', 'found_index': 0}"
12,493,"{'Left': 273, 'Top': 367, 'Right': 331, 'Bottom': 387, 'title': 'Water', 'auto_id': 'Water', 'control_type': 'CheckBox', 'found_index': 0}"
12,494,"{'Left': 17, 'Top': 365, 'Right': 384, 'Bottom': 390, 'title': 'Root', 'auto_id': None, 'control_type': 'Pane', 'found_index': 0}"
13,495,"{'Left': 217, 'Top': 365, 'Right': 333, 'Bottom': 390, 'title': 'lcgColumnContainer', 'auto_id': None, 'control_type': 'Pane', 'found_index': 0}"
14,496,"{'Left': 217, 'Top': 365, 'Right': 271, 'Bottom': 390, 'title': 'COLUMN_1', 'auto_id': None, 'control_type': 'Pane', 'found_index': 0}"
14,497,"{'Left': 271, 'Top': 365, 'Right': 333, 'Bottom': 390, 'title': 'COLUMN_2', 'auto_id': None, 'control_type': 'Pane', 'found_index': 0}"
13,498,"{'Left': 333, 'Top': 365, 'Right': 384, 'Bottom': 390, 'title': 'emptySpaceItem1', 'auto_id': None, 'control_type': 'Custom', 'found_index': 0}"
10,499,"{'Left': 17, 'Top': 394, 'Right': 384, 'Bottom': 419, 'title': None, 'auto_id': 'MultipleChoiceInputControl', 'control_type': 'Pane', 'found_index': 0}"
11,500,"{'Left': 17, 'Top': 394, 'Right': 384, 'Bottom': 419, 'title': 'The XtraLayoutControl', 'auto_id': 'mainMultipleChoiceInputControl', 'control_type': 'Pane', 'found_index': 0}"
12,501,"{'Left': 27, 'Top': 396, 'Right': 215, 'Bottom': 417, 'title': 'Aftercooler:', 'auto_id': 'lblTitle', 'control_type': 'Text', 'found_index': 0}"
12,502,"{'Left': 219, 'Top': 396, 'Right': 270, 'Bottom': 416, 'title': 'No', 'auto_id': 'No', 'control_type': 'CheckBox', 'found_index': 0}"
12,503,"{'Left': 274, 'Top': 396, 'Right': 326, 'Bottom': 416, 'title': 'Yes', 'auto_id': 'Yes', 'control_type': 'CheckBox', 'found_index': 0}"
12,504,"{'Left': 17, 'Top': 394, 'Right': 384, 'Bottom': 419, 'title': 'Root', 'auto_id': None, 'control_type': 'Pane', 'found_index': 0}"
13,505,"{'Left': 217, 'Top': 394, 'Right': 328, 'Bottom': 419, 'title': 'lcgColumnContainer', 'auto_id': None, 'control_type': 'Pane', 'found_index': 0}"
14,506,"{'Left': 217, 'Top': 394, 'Right': 272, 'Bottom': 419, 'title': 'COLUMN_1', 'auto_id': None, 'control_type': 'Pane', 'found_index': 0}"
14,507,"{'Left': 272, 'Top': 394, 'Right': 328, 'Bottom': 419, 'title': 'COLUMN_2', 'auto_id': None, 'control_type': 'Pane', 'found_index': 0}"
13,508,"{'Left': 328, 'Top': 394, 'Right': 384, 'Bottom': 419, 'title': 'emptySpaceItem1', 'auto_id': None, 'control_type': 'Custom', 'found_index': 0}"
10,509,"{'Left': 17, 'Top': 423, 'Right': 384, 'Bottom': 448, 'title': None, 'auto_id': 'MultipleChoiceInputControl', 'control_type': 'Pane', 'found_index': 0}"
11,510,"{'Left': 17, 'Top': 423, 'Right': 384, 'Bottom': 448, 'title': 'The XtraLayoutControl', 'auto_id': 'mainMultipleChoiceInputControl', 'control_type': 'Pane', 'found_index': 0}"
12,511,"{'Left': 27, 'Top': 425, 'Right': 215, 'Bottom': 446, 'title': 'Integrated Dryer:', 'auto_id': 'lblTitle', 'control_type': 'Text', 'found_index': 0}"
12,512,"{'Left': 219, 'Top': 425, 'Right': 270, 'Bottom': 445, 'title': 'FF', 'auto_id': 'FF', 'control_type': 'CheckBox', 'found_index': 0}"
12,513,"{'Left': 274, 'Top': 425, 'Right': 326, 'Bottom': 445, 'title': 'Pack', 'auto_id': 'Pack', 'control_type': 'CheckBox', 'found_index': 0}"
12,514,"{'Left': 17, 'Top': 423, 'Right': 384, 'Bottom': 448, 'title': 'Root', 'auto_id': None, 'control_type': 'Pane', 'found_index': 0}"
13,515,"{'Left': 217, 'Top': 423, 'Right': 328, 'Bottom': 448, 'title': 'lcgColumnContainer', 'auto_id': None, 'control_type': 'Pane', 'found_index': 0}"
14,516,"{'Left': 217, 'Top': 423, 'Right': 272, 'Bottom': 448, 'title': 'COLUMN_1', 'auto_id': None, 'control_type': 'Pane', 'found_index': 0}"
14,517,"{'Left': 272, 'Top': 423, 'Right': 328, 'Bottom': 448, 'title': 'COLUMN_2', 'auto_id': None, 'control_type': 'Pane', 'found_index': 0}"
13,518,"{'Left': 328, 'Top': 423, 'Right': 384, 'Bottom': 448, 'title': 'emptySpaceItem1', 'auto_id': None, 'control_type': 'Custom', 'found_index': 0}"
10,519,"{'Left': 17, 'Top': 452, 'Right': 384, 'Bottom': 477, 'title': None, 'auto_id': 'MultipleChoiceInputControl', 'control_type': 'Pane', 'found_index': 0}"
11,520,"{'Left': 17, 'Top': 452, 'Right': 384, 'Bottom': 477, 'title': 'The XtraLayoutControl', 'auto_id': 'mainMultipleChoiceInputControl', 'control_type': 'Pane', 'found_index': 0}"
12,521,"{'Left': 27, 'Top': 454, 'Right': 215, 'Bottom': 475, 'title': 'HD Filter:', 'auto_id': 'lblTitle', 'control_type': 'Text', 'found_index': 0}"
12,522,"{'Left': 219, 'Top': 454, 'Right': 270, 'Bottom': 474, 'title': 'No', 'auto_id': 'No', 'control_type': 'CheckBox', 'found_index': 0}"
12,523,"{'Left': 274, 'Top': 454, 'Right': 326, 'Bottom': 474, 'title': 'Yes', 'auto_id': 'Yes', 'control_type': 'CheckBox', 'found_index': 0}"
12,524,"{'Left': 17, 'Top': 452, 'Right': 384, 'Bottom': 477, 'title': 'Root', 'auto_id': None, 'control_type': 'Pane', 'found_index': 0}"
13,525,"{'Left': 217, 'Top': 452, 'Right': 328, 'Bottom': 477, 'title': 'lcgColumnContainer', 'auto_id': None, 'control_type': 'Pane', 'found_index': 0}"
14,526,"{'Left': 217, 'Top': 452, 'Right': 272, 'Bottom': 477, 'title': 'COLUMN_1', 'auto_id': None, 'control_type': 'Pane', 'found_index': 0}"
14,527,"{'Left': 272, 'Top': 452, 'Right': 328, 'Bottom': 477, 'title': 'COLUMN_2', 'auto_id': None, 'control_type': 'Pane', 'found_index': 0}"
13,528,"{'Left': 328, 'Top': 452, 'Right': 384, 'Bottom': 477, 'title': 'emptySpaceItem1', 'auto_id': None, 'control_type': 'Custom', 'found_index': 0}"
10,529,"{'Left': 17, 'Top': 481, 'Right': 384, 'Bottom': 506, 'title': None, 'auto_id': 'MultipleChoiceInputControl', 'control_type': 'Pane', 'found_index': 0}"
11,530,"{'Left': 17, 'Top': 481, 'Right': 384, 'Bottom': 506, 'title': 'The XtraLayoutControl', 'auto_id': 'mainMultipleChoiceInputControl', 'control_type': 'Pane', 'found_index': 0}"
12,531,"{'Left': 27, 'Top': 483, 'Right': 215, 'Bottom': 504, 'title': 'Teflon Free:', 'auto_id': 'lblTitle', 'control_type': 'Text', 'found_index': 0}"
12,532,"{'Left': 219, 'Top': 483, 'Right': 270, 'Bottom': 503, 'title': 'No', 'auto_id': 'No', 'control_type': 'CheckBox', 'found_index': 0}"
12,533,"{'Left': 274, 'Top': 483, 'Right': 326, 'Bottom': 503, 'title': 'Yes', 'auto_id': 'Yes', 'control_type': 'CheckBox', 'found_index': 0}"
12,534,"{'Left': 17, 'Top': 481, 'Right': 384, 'Bottom': 506, 'title': 'Root', 'auto_id': None, 'control_type': 'Pane', 'found_index': 0}"
13,535,"{'Left': 217, 'Top': 481, 'Right': 328, 'Bottom': 506, 'title': 'lcgColumnContainer', 'auto_id': None, 'control_type': 'Pane', 'found_index': 0}"
14,536,"{'Left': 217, 'Top': 481, 'Right': 272, 'Bottom': 506, 'title': 'COLUMN_1', 'auto_id': None, 'control_type': 'Pane', 'found_index': 0}"
14,537,"{'Left': 272, 'Top': 481, 'Right': 328, 'Bottom': 506, 'title': 'COLUMN_2', 'auto_id': None, 'control_type': 'Pane', 'found_index': 0}"
13,538,"{'Left': 328, 'Top': 481, 'Right': 384, 'Bottom': 506, 'title': 'emptySpaceItem1', 'auto_id': None, 'control_type': 'Custom', 'found_index': 0}"
10,539,"{'Left': 17, 'Top': 510, 'Right': 384, 'Bottom': 535, 'title': None, 'auto_id': 'MultipleChoiceInputControl', 'control_type': 'Pane', 'found_index': 0}"
11,540,"{'Left': 17, 'Top': 510, 'Right': 384, 'Bottom': 535, 'title': 'The XtraLayoutControl', 'auto_id': 'mainMultipleChoiceInputControl', 'control_type': 'Pane', 'found_index': 0}"
12,541,"{'Left': 27, 'Top': 512, 'Right': 215, 'Bottom': 533, 'title': 'High Ambient Temp:', 'auto_id': 'lblTitle', 'control_type': 'Text', 'found_index': 0}"
12,542,"{'Left': 219, 'Top': 512, 'Right': 270, 'Bottom': 532, 'title': 'No', 'auto_id': 'No', 'control_type': 'CheckBox', 'found_index': 0}"
12,543,"{'Left': 274, 'Top': 512, 'Right': 326, 'Bottom': 532, 'title': 'Yes', 'auto_id': 'Yes', 'control_type': 'CheckBox', 'found_index': 0}"
12,544,"{'Left': 17, 'Top': 510, 'Right': 384, 'Bottom': 535, 'title': 'Root', 'auto_id': None, 'control_type': 'Pane', 'found_index': 0}"
13,545,"{'Left': 217, 'Top': 510, 'Right': 328, 'Bottom': 535, 'title': 'lcgColumnContainer', 'auto_id': None, 'control_type': 'Pane', 'found_index': 0}"
14,546,"{'Left': 217, 'Top': 510, 'Right': 272, 'Bottom': 535, 'title': 'COLUMN_1', 'auto_id': None, 'control_type': 'Pane', 'found_index': 0}"
14,547,"{'Left': 272, 'Top': 510, 'Right': 328, 'Bottom': 535, 'title': 'COLUMN_2', 'auto_id': None, 'control_type': 'Pane', 'found_index': 0}"
13,548,"{'Left': 328, 'Top': 510, 'Right': 384, 'Bottom': 535, 'title': 'emptySpaceItem1', 'auto_id': None, 'control_type': 'Custom', 'found_index': 0}"
10,549,"{'Left': 17, 'Top': 539, 'Right': 384, 'Bottom': 564, 'title': None, 'auto_id': 'MultipleChoiceInputControl', 'control_type': 'Pane', 'found_index': 0}"
11,550,"{'Left': 17, 'Top': 539, 'Right': 384, 'Bottom': 564, 'title': 'The XtraLayoutControl', 'auto_id': 'mainMultipleChoiceInputControl', 'control_type': 'Pane', 'found_index': 0}"
12,551,"{'Left': 27, 'Top': 541, 'Right': 215, 'Bottom': 562, 'title': 'Energy Recovery:', 'auto_id': 'lblTitle', 'control_type': 'Text', 'found_index': 0}"
12,552,"{'Left': 219, 'Top': 541, 'Right': 270, 'Bottom': 561, 'title': 'No', 'auto_id': 'No', 'control_type': 'CheckBox', 'found_index': 0}"
12,553,"{'Left': 274, 'Top': 541, 'Right': 326, 'Bottom': 561, 'title': 'Yes', 'auto_id': 'Yes', 'control_type': 'CheckBox', 'found_index': 0}"
12,554,"{'Left': 17, 'Top': 539, 'Right': 384, 'Bottom': 564, 'title': 'Root', 'auto_id': None, 'control_type': 'Pane', 'found_index': 0}"
13,555,"{'Left': 217, 'Top': 539, 'Right': 328, 'Bottom': 564, 'title': 'lcgColumnContainer', 'auto_id': None, 'control_type': 'Pane', 'found_index': 0}"
14,556,"{'Left': 217, 'Top': 539, 'Right': 272, 'Bottom': 564, 'title': 'COLUMN_1', 'auto_id': None, 'control_type': 'Pane', 'found_index': 0}"
14,557,"{'Left': 272, 'Top': 539, 'Right': 328, 'Bottom': 564, 'title': 'COLUMN_2', 'auto_id': None, 'control_type': 'Pane', 'found_index': 0}"
13,558,"{'Left': 328, 'Top': 539, 'Right': 384, 'Bottom': 564, 'title': 'emptySpaceItem1', 'auto_id': None, 'control_type': 'Custom', 'found_index': 0}"
10,559,"{'Left': 17, 'Top': 568, 'Right': 384, 'Bottom': 593, 'title': None, 'auto_id': 'MultipleChoiceInputControl', 'control_type': 'Pane', 'found_index': 0}"
11,560,"{'Left': 17, 'Top': 568, 'Right': 384, 'Bottom': 593, 'title': 'The XtraLayoutControl', 'auto_id': 'mainMultipleChoiceInputControl', 'control_type': 'Pane', 'found_index': 0}"
12,561,"{'Left': 27, 'Top': 570, 'Right': 215, 'Bottom': 591, 'title': 'Tropical Thermostat:', 'auto_id': 'lblTitle', 'control_type': 'Text', 'found_index': 0}"
12,562,"{'Left': 219, 'Top': 570, 'Right': 270, 'Bottom': 590, 'title': 'No', 'auto_id': 'No', 'control_type': 'CheckBox', 'found_index': 0}"
12,563,"{'Left': 274, 'Top': 570, 'Right': 326, 'Bottom': 590, 'title': 'Yes', 'auto_id': 'Yes', 'control_type': 'CheckBox', 'found_index': 0}"
12,564,"{'Left': 17, 'Top': 568, 'Right': 384, 'Bottom': 593, 'title': 'Root', 'auto_id': None, 'control_type': 'Pane', 'found_index': 0}"
13,565,"{'Left': 217, 'Top': 568, 'Right': 328, 'Bottom': 593, 'title': 'lcgColumnContainer', 'auto_id': None, 'control_type': 'Pane', 'found_index': 0}"
14,566,"{'Left': 217, 'Top': 568, 'Right': 272, 'Bottom': 593, 'title': 'COLUMN_1', 'auto_id': None, 'control_type': 'Pane', 'found_index': 0}"
14,567,"{'Left': 272, 'Top': 568, 'Right': 328, 'Bottom': 593, 'title': 'COLUMN_2', 'auto_id': None, 'control_type': 'Pane', 'found_index': 0}"
13,568,"{'Left': 328, 'Top': 568, 'Right': 384, 'Bottom': 593, 'title': 'emptySpaceItem1', 'auto_id': None, 'control_type': 'Custom', 'found_index': 0}"
10,569,"{'Left': 17, 'Top': 597, 'Right': 384, 'Bottom': 622, 'title': None, 'auto_id': 'MultipleChoiceInputControl', 'control_type': 'Pane', 'found_index': 0}"
11,570,"{'Left': 17, 'Top': 597, 'Right': 384, 'Bottom': 622, 'title': 'The XtraLayoutControl', 'auto_id': 'mainMultipleChoiceInputControl', 'control_type': 'Pane', 'found_index': 0}"
12,571,"{'Left': 27, 'Top': 599, 'Right': 215, 'Bottom': 620, 'title': 'Power Duct Fan:', 'auto_id': 'lblTitle', 'control_type': 'Text', 'found_index': 0}"
12,572,"{'Left': 219, 'Top': 599, 'Right': 270, 'Bottom': 619, 'title': 'No', 'auto_id': 'No', 'control_type': 'CheckBox', 'found_index': 0}"
12,573,"{'Left': 274, 'Top': 599, 'Right': 326, 'Bottom': 619, 'title': 'Yes', 'auto_id': 'Yes', 'control_type': 'CheckBox', 'found_index': 0}"
12,574,"{'Left': 17, 'Top': 597, 'Right': 384, 'Bottom': 622, 'title': 'Root', 'auto_id': None, 'control_type': 'Pane', 'found_index': 0}"
13,575,"{'Left': 217, 'Top': 597, 'Right': 328, 'Bottom': 622, 'title': 'lcgColumnContainer', 'auto_id': None, 'control_type': 'Pane', 'found_index': 0}"
14,576,"{'Left': 217, 'Top': 597, 'Right': 272, 'Bottom': 622, 'title': 'COLUMN_1', 'auto_id': None, 'control_type': 'Pane', 'found_index': 0}"
14,577,"{'Left': 272, 'Top': 597, 'Right': 328, 'Bottom': 622, 'title': 'COLUMN_2', 'auto_id': None, 'control_type': 'Pane', 'found_index': 0}"
13,578,"{'Left': 328, 'Top': 597, 'Right': 384, 'Bottom': 622, 'title': 'emptySpaceItem1', 'auto_id': None, 'control_type': 'Custom', 'found_index': 0}"
10,579,"{'Left': 17, 'Top': 626, 'Right': 384, 'Bottom': 651, 'title': None, 'auto_id': 'MultipleChoiceInputControl', 'control_type': 'Pane', 'found_index': 0}"
11,580,"{'Left': 17, 'Top': 626, 'Right': 384, 'Bottom': 651, 'title': 'The XtraLayoutControl', 'auto_id': 'mainMultipleChoiceInputControl', 'control_type': 'Pane', 'found_index': 0}"
12,581,"{'Left': 27, 'Top': 628, 'Right': 215, 'Bottom': 649, 'title': 'Starter:', 'auto_id': 'lblTitle', 'control_type': 'Text', 'found_index': 0}"
12,582,"{'Left': 219, 'Top': 628, 'Right': 270, 'Bottom': 648, 'title': 'No', 'auto_id': 'No', 'control_type': 'CheckBox', 'found_index': 0}"
12,583,"{'Left': 274, 'Top': 628, 'Right': 326, 'Bottom': 648, 'title': 'Yes', 'auto_id': 'Yes', 'control_type': 'CheckBox', 'found_index': 0}"
12,584,"{'Left': 17, 'Top': 626, 'Right': 384, 'Bottom': 651, 'title': 'Root', 'auto_id': None, 'control_type': 'Pane', 'found_index': 0}"
13,585,"{'Left': 217, 'Top': 626, 'Right': 328, 'Bottom': 651, 'title': 'lcgColumnContainer', 'auto_id': None, 'control_type': 'Pane', 'found_index': 0}"
14,586,"{'Left': 217, 'Top': 626, 'Right': 272, 'Bottom': 651, 'title': 'COLUMN_1', 'auto_id': None, 'control_type': 'Pane', 'found_index': 0}"
14,587,"{'Left': 272, 'Top': 626, 'Right': 328, 'Bottom': 651, 'title': 'COLUMN_2', 'auto_id': None, 'control_type': 'Pane', 'found_index': 0}"
13,588,"{'Left': 328, 'Top': 626, 'Right': 384, 'Bottom': 651, 'title': 'emptySpaceItem1', 'auto_id': None, 'control_type': 'Custom', 'found_index': 0}"
10,589,"{'Left': 15, 'Top': 241, 'Right': 386, 'Bottom': 653, 'title': 'Root', 'auto_id': None, 'control_type': 'Pane', 'found_index': 0}"
11,590,"{'Left': 15, 'Top': 276, 'Right': 386, 'Bottom': 653, 'title': 'lcgContents', 'auto_id': None, 'control_type': 'Pane', 'found_index': 0}"
11,591,"{'Left': 15, 'Top': 274, 'Right': 386, 'Bottom': 275, 'title': 'simpleSeparator1', 'auto_id': None, 'control_type': 'Separator', 'found_index': 0}"
11,592,"{'Left': 15, 'Top': 241, 'Right': 386, 'Bottom': 274, 'title': 'lcgTitleBar', 'auto_id': None, 'control_type': 'Pane', 'found_index': 0}"
12,593,"{'Left': 189, 'Top': 241, 'Right': 362, 'Bottom': 274, 'title': 'esiTitleAndButton', 'auto_id': None, 'control_type': 'Custom', 'found_index': 0}"
11,594,"{'Left': 15, 'Top': 275, 'Right': 386, 'Bottom': 276, 'title': 'lcgLine', 'auto_id': None, 'control_type': 'Pane', 'found_index': 0}"
8,595,"{'Left': 15, 'Top': 657, 'Right': 386, 'Bottom': 721, 'title': None, 'auto_id': 'TitleContainer', 'control_type': 'Pane', 'found_index': 0}"
9,596,"{'Left': 15, 'Top': 657, 'Right': 386, 'Bottom': 721, 'title': 'The XtraLayoutControl', 'auto_id': 'mainContainerTitleContainer', 'control_type': 'Pane', 'found_index': 0}"
10,597,"{'Left': 362, 'Top': 662, 'Right': 386, 'Bottom': 686, 'title': None, 'auto_id': 'sbHideUnhide', 'control_type': 'Button', 'found_index': 0}"
10,598,"{'Left': 20, 'Top': 662, 'Right': 158, 'Bottom': 680, 'title': 'Model Information', 'auto_id': 'titleLabelTitleContainer', 'control_type': 'Text', 'found_index': 0}"
10,599,"{'Left': 17, 'Top': 694, 'Right': 384, 'Bottom': 719, 'title': None, 'auto_id': 'MultipleChoiceInputControl', 'control_type': 'Pane', 'found_index': 0}"
11,600,"{'Left': 17, 'Top': 694, 'Right': 384, 'Bottom': 719, 'title': 'The XtraLayoutControl', 'auto_id': 'mainMultipleChoiceInputControl', 'control_type': 'Pane', 'found_index': 0}"
12,601,"{'Left': 27, 'Top': 696, 'Right': 215, 'Bottom': 717, 'title': 'Product Company:', 'auto_id': 'lblTitle', 'control_type': 'Text', 'found_index': 0}"
12,602,"{'Left': 219, 'Top': 696, 'Right': 319, 'Bottom': 716, 'title': None, 'auto_id': '68468', 'control_type': 'Edit', 'found_index': 0}"
13,603,"{'Left': 302, 'Top': 697, 'Right': 318, 'Bottom': 715, 'title': 'Open', 'auto_id': None, 'control_type': 'Button', 'found_index': 0}"
12,611,"{'Left': 17, 'Top': 694, 'Right': 384, 'Bottom': 719, 'title': 'Root', 'auto_id': None, 'control_type': 'Pane', 'found_index': 0}"
13,612,"{'Left': 217, 'Top': 694, 'Right': 321, 'Bottom': 719, 'title': 'lcgColumnContainer', 'auto_id': None, 'control_type': 'Pane', 'found_index': 0}"
13,613,"{'Left': 321, 'Top': 694, 'Right': 384, 'Bottom': 719, 'title': 'emptySpaceItem1', 'auto_id': None, 'control_type': 'Custom', 'found_index': 0}"
10,614,"{'Left': 15, 'Top': 657, 'Right': 386, 'Bottom': 721, 'title': 'Root', 'auto_id': None, 'control_type': 'Pane', 'found_index': 0}"
11,615,"{'Left': 15, 'Top': 692, 'Right': 386, 'Bottom': 721, 'title': 'lcgContents', 'auto_id': None, 'control_type': 'Pane', 'found_index': 0}"
11,616,"{'Left': 15, 'Top': 690, 'Right': 386, 'Bottom': 691, 'title': 'simpleSeparator1', 'auto_id': None, 'control_type': 'Separator', 'found_index': 0}"
11,617,"{'Left': 15, 'Top': 657, 'Right': 386, 'Bottom': 690, 'title': 'lcgTitleBar', 'auto_id': None, 'control_type': 'Pane', 'found_index': 0}"
12,618,"{'Left': 163, 'Top': 657, 'Right': 362, 'Bottom': 690, 'title': 'esiTitleAndButton', 'auto_id': None, 'control_type': 'Custom', 'found_index': 0}"
11,619,"{'Left': 15, 'Top': 691, 'Right': 386, 'Bottom': 692, 'title': 'lcgLine', 'auto_id': None, 'control_type': 'Pane', 'found_index': 0}"
8,620,"{'Left': 13, 'Top': 239, 'Right': 388, 'Bottom': 723, 'title': 'lcgInputContainer', 'auto_id': None, 'control_type': 'Pane', 'found_index': 0}"
5,621,"{'Left': 355, 'Top': 202, 'Right': 388, 'Bottom': 235, 'title': None, 'auto_id': 'resetButton', 'control_type': 'Button', 'found_index': 0}"
5,622,"{'Left': 13, 'Top': 202, 'Right': 46, 'Bottom': 235, 'title': None, 'auto_id': 'categoryButton', 'control_type': 'Button', 'found_index': 0}"
5,623,"{'Left': 1, 'Top': 190, 'Right': 1919, 'Bottom': 1005, 'title': 'Root', 'auto_id': None, 'control_type': 'Pane', 'found_index': 0}"
6,624,"{'Left': 11, 'Top': 736, 'Right': 1909, 'Bottom': 774, 'title': 'lcgShowDevices', 'auto_id': None, 'control_type': 'Pane', 'found_index': 0}"
7,625,"{'Left': 11, 'Top': 736, 'Right': 1754, 'Bottom': 773, 'title': 'esiNextToListAndSuggestButton', 'auto_id': None, 'control_type': 'Custom', 'found_index': 0}"
6,626,"{'Left': 11, 'Top': 200, 'Right': 1909, 'Bottom': 726, 'title': 'lcgInputsContainer', 'auto_id': None, 'control_type': 'Pane', 'found_index': 0}"
7,627,"{'Left': 11, 'Top': 200, 'Right': 390, 'Bottom': 726, 'title': 'lcgLeftInputs', 'auto_id': None, 'control_type': 'Pane', 'found_index': 0}"
8,628,"{'Left': 85, 'Top': 200, 'Right': 316, 'Bottom': 237, 'title': 'esiBetweenSettingsAndSaveButton', 'auto_id': None, 'control_type': 'Custom', 'found_index': 0}"
7,629,"{'Left': 390, 'Top': 200, 'Right': 400, 'Bottom': 726, 'title': 'splitIVertLeft', 'auto_id': None, 'control_type': 'Separator', 'found_index': 0}"
7,630,"{'Left': 843, 'Top': 200, 'Right': 853, 'Bottom': 726, 'title': 'splitIVertRight', 'auto_id': None, 'control_type': 'Separator', 'found_index': 0}"
6,631,"{'Left': 11, 'Top': 774, 'Right': 1909, 'Bottom': 995, 'title': 'lcgResults', 'auto_id': None, 'control_type': 'Pane', 'found_index': 0}"
7,632,"{'Left': 1839, 'Top': 984, 'Right': 1909, 'Bottom': 994, 'title': 'esiBelowReportButton', 'auto_id': None, 'control_type': 'Custom', 'found_index': 0}"
6,633,"{'Left': 11, 'Top': 726, 'Right': 1909, 'Bottom': 736, 'title': 'splitIHorizontal', 'auto_id': None, 'control_type': 'Separator', 'found_index': 0}"
2,634,"{'Left': 1, 'Top': 164, 'Right': 107, 'Bottom': 189, 'title': 'Info channel', 'auto_id': None, 'control_type': 'TabItem', 'found_index': 0}"
3,635,"{'Left': 81, 'Top': 167, 'Right': 101, 'Bottom': 187, 'title': 'Close', 'auto_id': None, 'control_type': 'Button', 'found_index': 0}"
2,636,"{'Left': 106, 'Top': 163, 'Right': 257, 'Bottom': 190, 'title': 'Product selection tool', 'auto_id': None, 'control_type': 'TabItem', 'found_index': 0}"
3,637,"{'Left': 230, 'Top': 167, 'Right': 250, 'Bottom': 187, 'title': 'Close', 'auto_id': None, 'control_type': 'Button', 'found_index': 0}"
1,638,"{'Left': 0, 'Top': 1006, 'Right': 1920, 'Bottom': 1032, 'title': 'Status Bar', 'auto_id': 'rsbStatus', 'control_type': 'Pane', 'found_index': 0}"
2,639,"{'Left': 0, 'Top': 1006, 'Right': 66, 'Bottom': 1032, 'title': 'Static', 'auto_id': None, 'control_type': 'Text', 'found_index': 0}"
2,640,"{'Left': 66, 'Top': 1006, 'Right': 110, 'Bottom': 1032, 'title': 'Static', 'auto_id': None, 'control_type': 'Text', 'found_index': 0}"
2,641,"{'Left': 110, 'Top': 1006, 'Right': 140, 'Bottom': 1032, 'title': 'Item', 'auto_id': None, 'control_type': 'Button', 'found_index': 0}"
2,642,"{'Left': 140, 'Top': 1006, 'Right': 223, 'Bottom': 1032, 'title': 'Static', 'auto_id': None, 'control_type': 'Text', 'found_index': 0}"
2,643,"{'Left': 223, 'Top': 1006, 'Right': 243, 'Bottom': 1032, 'title': '0', 'auto_id': None, 'control_type': 'Button', 'found_index': 0}"
2,644,"{'Left': 0, 'Top': 0, 'Right': 0, 'Bottom': 0, 'title': 'Static', 'auto_id': None, 'control_type': 'Text', 'found_index': 0}"
1,645,"{'Left': 0, 'Top': 162, 'Right': 1920, 'Bottom': 1006, 'title': None, 'auto_id': '132980', 'control_type': 'Pane', 'found_index': 0}"
1,646,"{'Left': 0, 'Top': -8, 'Right': 1920, 'Bottom': 162, 'title': 'The Ribbon', 'auto_id': 'rcApplication', 'control_type': 'Pane', 'found_index': 0}"
2,647,"{'Left': 0, 'Top': 30, 'Right': 45, 'Bottom': 60, 'title': 'Application', 'auto_id': None, 'control_type': 'SplitButton', 'found_index': 0}"
2,648,"{'Left': 1745, 'Top': 0, 'Right': 1920, 'Bottom': 30, 'title': 'Ribbon Form Buttons', 'auto_id': None, 'control_type': 'TitleBar', 'found_index': 0}"
3,649,"{'Left': 1745, 'Top': 0, 'Right': 1788, 'Bottom': 30, 'title': 'Ribbon Display Options', 'auto_id': None, 'control_type': 'Button', 'found_index': 0}"
3,650,"{'Left': 1790, 'Top': 0, 'Right': 1832, 'Bottom': 30, 'title': 'Minimize', 'auto_id': None, 'control_type': 'Button', 'found_index': 0}"
3,651,"{'Left': 1834, 'Top': 0, 'Right': 1876, 'Bottom': 30, 'title': 'Maximize', 'auto_id': None, 'control_type': 'Button', 'found_index': 0}"
3,652,"{'Left': 1878, 'Top': 0, 'Right': 1920, 'Bottom': 30, 'title': 'Close', 'auto_id': None, 'control_type': 'Button', 'found_index': 0}"
2,653,"{'Left': 1896, 'Top': 135, 'Right': 1920, 'Bottom': 161, 'title': 'Expand Collapse', 'auto_id': None, 'control_type': 'Button', 'found_index': 0}"
2,654,"{'Left': 0, 'Top': 30, 'Right': 1920, 'Bottom': 60, 'title': 'Ribbon Tabs', 'auto_id': None, 'control_type': 'Tab', 'found_index': 0}"
3,655,"{'Left': 45, 'Top': 30, 'Right': 108, 'Bottom': 60, 'title': 'HOME', 'auto_id': None, 'control_type': 'TabItem', 'found_index': 0}"
3,656,"{'Left': 108, 'Top': 30, 'Right': 167, 'Bottom': 60, 'title': 'Tools', 'auto_id': None, 'control_type': 'TabItem', 'found_index': 0}"
3,657,"{'Left': 167, 'Top': 30, 'Right': 222, 'Bottom': 60, 'title': 'Help', 'auto_id': None, 'control_type': 'TabItem', 'found_index': 0}"
2,658,"{'Left': 0, 'Top': 60, 'Right': 1920, 'Bottom': 162, 'title': 'Lower Ribbon', 'auto_id': None, 'control_type': 'Pane', 'found_index': 0}"
3,659,"{'Left': 0, 'Top': 60, 'Right': 1920, 'Bottom': 162, 'title': 'HOME', 'auto_id': None, 'control_type': 'Pane', 'found_index': 0}"
5,661,"{'Left': 2, 'Top': 62, 'Right': 55, 'Bottom': 140, 'title': 'Settings', 'auto_id': None, 'control_type': 'Button', 'found_index': 0}"
5,663,"{'Left': 60, 'Top': 62, 'Right': 121, 'Bottom': 140, 'title': 'Configure iiTrak', 'auto_id': None, 'control_type': 'Button', 'found_index': 0}"
5,664,"{'Left': 121, 'Top': 62, 'Right': 182, 'Bottom': 140, 'title': 'Configure pLogger', 'auto_id': None, 'control_type': 'Button', 'found_index': 0}"
5,666,"{'Left': 187, 'Top': 62, 'Right': 233, 'Bottom': 140, 'title': 'Exit', 'auto_id': None, 'control_type': 'Button', 'found_index': 0}"
2,668,"{'Left': 0, 'Top': 0, 'Right': 22, 'Bottom': 22, 'title': 'System', 'auto_id': 'MenuBar', 'control_type': 'MenuBar', 'found_index': 0}"
3,669,"{'Left': 0, 'Top': 0, 'Right': 22, 'Bottom': 22, 'title': 'System', 'auto_id': None, 'control_type': 'MenuItem', 'found_index': 0}"
2,670,"{'Left': 1853, 'Top': -1, 'Right': 1877, 'Bottom': 23, 'title': 'Minimize', 'auto_id': None, 'control_type': 'Button', 'found_index': 0}"
2,671,"{'Left': 1875, 'Top': -1, 'Right': 1899, 'Bottom': 23, 'title': 'Restore', 'auto_id': None, 'control_type': 'Button', 'found_index': 0}"
2,672,"{'Left': 1897, 'Top': -1, 'Right': 1921, 'Bottom': 23, 'title': 'Close', 'auto_id': None, 'control_type': 'Button', 'found_index': 0}"
